Rk,Player,Tm,Age,Pos,G,GS,Tgt,Rec,Yds,Y/R,TD,1D,Succ%,Lng,R/G,Y/G,Ctch%,Y/Tgt,Att,Yds,TD,1D,Succ%,Lng,Y/A,Y/G,A/G,Touch,Y/Tch,YScm,RRTD,Fmb
1,Jonathan Taylor*+,IND,22,RB,17,17,51,40,360,9.0,2,12,43.1,76,2.4,21.2,78.4%,7.1,332,1811,18,107,55.4,83,5.5,106.5,19.5,372,5.8,2171,20,4
2,Cooper Kupp*+,LAR,28,WR,17,17,191,145,1947,13.4,16,89,63.4,59,8.5,114.5,75.9%,10.2,4,18,0,1,50.0,18,4.5,1.1,0.2,149,13.2,1965,16,
3,Deebo Samuel*+,SFO,25,WR,16,15,121,77,1405,18.2,6,51,50.4,83,4.8,87.8,63.6%,11.6,59,365,8,21,54.2,49,6.2,22.8,3.7,136,13.0,1770,14,4
4,Najee Harris*,PIT,23,RB,17,17,94,74,467,6.3,3,22,48.9,25,4.4,27.5,78.7%,5.0,307,1200,7,62,47.6,37,3.9,70.6,18.1,381,4.4,1667,10,
5,Justin Jefferson*,MIN,22,WR,17,17,167,108,1616,15.0,10,75,55.7,56,6.4,95.1,64.7%,9.7,6,14,0,1,33.3,11,2.3,0.8,0.4,114,14.3,1630,10,1
6,Austin Ekeler,LAC,26,RB,16,16,94,70,647,9.2,8,31,53.2,40,4.4,40.4,74.5%,6.9,206,911,12,53,55.8,28,4.4,56.9,12.9,276,5.6,1558,20,4
7,Davante Adams*+,GNB,29,WR,16,16,169,123,1553,12.6,11,84,59.8,59,7.7,97.1,72.8%,9.2,,,0,0,,,,,,123,12.6,1553,11,
8,Joe Mixon*,CIN,25,RB,16,16,48,42,314,7.5,3,11,43.8,52,2.6,19.6,87.5%,6.5,292,1205,13,60,49.7,32,4.1,75.3,18.3,334,4.5,1519,16,2
9,Ja'Marr Chase*,CIN,21,WR,17,17,128,81,1455,18.0,13,56,52.3,82,4.8,85.6,63.3%,11.4,7,21,0,2,42.9,10,3.0,1.2,0.4,88,16.8,1476,13,2
10,Nick Chubb*,CLE,26,RB,14,14,25,20,174,8.7,1,9,52.0,40,1.4,12.4,80.0%,7.0,228,1259,8,61,49.1,70,5.5,89.9,16.3,248,5.8,1433,9,2
11,Dalvin Cook*,MIN,26,RB,13,13,49,34,224,6.6,0,9,38.8,24,2.6,17.2,69.4%,4.6,249,1159,6,57,46.2,66,4.7,89.2,19.2,283,4.9,1383,6,3
12,Mark Andrews*+,BAL,26,TE,17,9,153,107,1361,12.7,9,75,62.1,43,6.3,80.1,69.9%,8.9,1,0,0,0,0.0,0,0.0,0.0,0.1,108,12.6,1361,9,1
13,Alvin Kamara*,NOR,26,RB,13,10,67,47,439,9.3,5,20,43.3,31,3.6,33.8,70.1%,6.6,240,898,4,42,41.3,30,3.7,69.1,18.5,287,4.7,1337,9,
14,Tyreek Hill*,KAN,27,WR,17,16,159,111,1239,11.2,9,75,61.6,75,6.5,72.9,69.8%,7.8,9,96,0,4,66.7,33,10.7,5.6,0.5,120,11.1,1335,9,2
15,Antonio Gibson,WAS,23,RB,16,14,52,42,294,7.0,3,12,50.0,73,2.6,18.4,80.8%,5.7,258,1037,7,65,51.2,27,4.0,64.8,16.1,300,4.4,1331,10,6
16,Ezekiel Elliott,DAL,26,RB,17,17,65,47,287,6.1,2,17,38.5,21,2.8,16.9,72.3%,4.4,237,1002,10,55,51.5,47,4.2,58.9,13.9,284,4.5,1289,12,1
17,Leonard Fournette,TAM,26,RB,14,13,84,69,454,6.6,2,30,57.1,23,4.9,32.4,82.1%,5.4,180,812,8,45,56.1,47,4.5,58.0,12.9,249,5.1,1266,10,1
18,Stefon Diggs*,BUF,28,WR,17,17,164,103,1225,11.9,10,66,54.9,61,6.1,72.1,62.8%,7.5,,,0,0,,,,,,103,11.9,1225,10,1
19,Josh Jacobs,LVR,23,RB,15,14,64,54,348,6.4,0,14,51.6,29,3.6,23.2,84.4%,5.4,217,872,9,45,53.0,28,4.0,58.1,14.5,271,4.5,1220,9,2
20,Javonte Williams,DEN,21,RB,17,1,53,43,316,7.3,3,12,37.7,42,2.5,18.6,81.1%,6.0,203,903,4,52,46.3,49,4.4,53.1,11.9,246,5.0,1219,7,2
21,Diontae Johnson*,PIT,25,WR,16,14,169,107,1161,10.9,8,59,47.3,50,6.7,72.6,63.3%,6.9,5,53,0,2,80.0,25,10.6,3.3,0.3,112,10.8,1214,8,2
22,D.J. Moore,CAR,24,WR,17,17,163,93,1157,12.4,4,60,47.9,64,5.5,68.1,57.1%,7.1,8,48,0,4,75.0,14,6.0,2.8,0.5,101,11.9,1205,4,1
23,Aaron Jones,GNB,27,RB,15,15,65,52,391,7.5,6,22,50.8,26,3.5,26.1,80.0%,6.0,171,799,4,37,49.7,57,4.7,53.3,11.4,223,5.3,1190,10,2
24,Tyler Lockett,SEA,29,WR,16,16,107,73,1175,16.1,8,41,53.3,69,4.6,73.4,68.2%,11.0,2,9,0,0,50.0,7,4.5,0.6,0.1,75,15.8,1184,8,
25,CeeDee Lamb*,DAL,22,WR,16,13,120,79,1102,13.9,6,54,53.3,49,4.9,68.9,65.8%,9.2,9,76,0,4,66.7,33,8.4,4.8,0.6,88,13.4,1178,6,
26,Cordarrelle Patterson,ATL,30,RB,16,13,69,52,548,10.5,5,26,52.2,64,3.3,34.3,75.4%,7.9,153,618,6,29,43.1,39,4.0,38.6,9.6,205,5.7,1166,11,2
27,David Montgomery,CHI,24,RB,13,13,51,42,301,7.2,0,18,43.1,16,3.2,23.2,82.4%,5.9,225,849,7,55,46.7,41,3.8,65.3,17.3,267,4.3,1150,7,1
28,Mike Williams,LAC,27,WR,16,14,129,76,1146,15.1,9,51,51.9,72,4.8,71.6,58.9%,8.9,,,0,0,,,,,,76,15.1,1146,9,
29,Keenan Allen*,LAC,29,WR,16,16,157,106,1138,10.7,6,66,54.1,42,6.6,71.1,67.5%,7.2,,,0,0,,,,,,106,10.7,1138,6,1
Rk,Player,Tm,Age,Pos,G,GS,Tgt,Rec,Yds,Y/R,TD,1D,Succ%,Lng,R/G,Y/G,Ctch%,Y/Tgt,Att,Yds,TD,1D,Succ%,Lng,Y/A,Y/G,A/G,Touch,Y/Tch,YScm,RRTD,Fmb
30,Melvin Gordon,DEN,28,RB,16,16,38,28,213,7.6,2,9,36.8,30,1.8,13.3,73.7%,5.6,203,918,8,48,55.2,70,4.5,57.4,12.7,231,4.9,1131,10,3
31,Travis Kelce*,KAN,32,TE,16,16,134,92,1125,12.2,9,63,60.4,69,5.8,70.3,68.7%,8.4,2,3,1,1,50.0,4,1.5,0.2,0.1,94,12.0,1128,10,1
32,James Conner*,ARI,26,RB,15,6,39,37,375,10.1,3,18,71.8,45,2.5,25.0,94.9%,9.6,202,752,15,53,50.0,35,3.7,50.1,13.5,239,4.7,1127,18,2
33,Michael Pittman Jr.,IND,24,WR,17,17,129,88,1082,12.3,6,54,58.9,57,5.2,63.6,68.2%,8.4,5,44,0,1,40.0,25,8.8,2.6,0.3,93,12.1,1126,6,1
34,Chris Godwin,TAM,25,WR,14,14,127,98,1103,11.3,5,55,63.8,44,7.0,78.8,77.2%,8.7,4,21,1,4,100.0,9,5.3,1.5,0.3,102,11.0,1124,6,2
35,AJ Dillon,GNB,23,RB,17,2,37,34,313,9.2,2,15,62.2,50,2.0,18.4,91.9%,8.5,187,803,5,50,61.0,36,4.3,47.2,11.0,221,5.0,1116,7,2
36,Elijah Mitchell,SFO,23,RB,11,10,20,19,137,7.2,1,6,50.0,14,1.7,12.5,95.0%,6.9,207,963,5,47,49.8,39,4.7,87.5,18.8,226,4.9,1100,6,
37,Devin Singletary,BUF,24,RB,17,16,50,40,228,5.7,1,11,48.0,19,2.4,13.4,80.0%,4.6,188,870,7,44,47.3,46,4.6,51.2,11.1,228,4.8,1098,8,5
38,Derrick Henry,TEN,27,RB,8,8,20,18,154,8.6,0,7,80.0,16,2.3,19.3,90.0%,7.7,219,937,10,49,44.7,76,4.3,117.1,27.4,237,4.6,1091,10,1
39,Tee Higgins,CIN,22,WR,14,14,110,74,1091,14.7,6,53,63.6,54,5.3,77.9,67.3%,9.9,,,0,0,,,,,,74,14.7,1091,6,1
40,Darnell Mooney,CHI,24,WR,17,14,140,81,1055,13.0,4,49,45.7,64,4.8,62.1,57.9%,7.5,6,32,1,2,33.3,15,5.3,1.9,0.4,87,12.5,1087,5,
41,D'Andre Swift,DET,22,RB,13,4,78,62,452,7.3,2,18,48.7,63,4.8,34.8,79.5%,5.8,151,617,5,28,36.4,57,4.1,47.5,11.6,213,5.0,1069,7,2
42,Terry McLaurin,WAS,26,WR,17,17,130,77,1053,13.7,5,47,50.8,46,4.5,61.9,59.2%,8.1,1,12,0,1,100.0,12,12.0,0.7,0.1,78,13.7,1065,5,
43,Damien Harris,NWE,24,RB,15,15,21,18,132,7.3,0,4,61.9,21,1.2,8.8,85.7%,6.3,202,929,15,55,54.0,64,4.6,61.9,13.5,220,4.8,1061,15,2
44,Brandin Cooks,HOU,28,WR,16,16,134,90,1037,11.5,6,45,53.7,52,5.6,64.8,67.2%,7.7,2,21,0,1,100.0,16,10.5,1.3,0.1,92,11.5,1058,6,
45,Tony Pollard,DAL,24,RB,15,0,46,39,337,8.6,0,15,58.7,32,2.6,22.5,84.8%,7.3,130,719,2,35,53.8,58,5.5,47.9,8.7,169,6.2,1056,2,2
46,Mike Evans*,TAM,28,WR,16,16,114,74,1035,14.0,14,56,59.6,46,4.6,64.7,64.9%,9.1,1,10,0,1,100.0,10,10.0,0.6,0.1,75,13.9,1045,14,
47,Hunter Renfrow*,LVR,26,WR,17,9,128,103,1038,10.1,9,51,60.2,54,6.1,61.1,80.5%,8.1,3,3,0,0,33.3,5,1.0,0.2,0.2,106,9.8,1041,9,5
48,Kyle Pitts*,ATL,21,TE,17,15,110,68,1026,15.1,1,43,50.9,61,4.0,60.4,61.8%,9.3,,,0,0,,,,,,68,15.1,1026,1,
49,Jaylen Waddle,MIA,23,WR,16,16,140,104,1015,9.8,6,59,59.3,57,6.5,63.4,74.3%,7.3,2,3,1,1,50.0,2,1.5,0.2,0.1,106,9.6,1018,7,2
50,Marquise Brown,BAL,24,WR,16,16,146,91,1008,11.1,6,41,45.2,49,5.7,63.0,62.3%,6.9,1,5,0,1,100.0,5,5.0,0.3,0.1,92,11.0,1013,6,3
51,Darrel Williams,KAN,26,RB,17,7,57,47,452,9.6,2,19,64.9,38,2.8,26.6,82.5%,7.9,144,558,6,40,56.9,21,3.9,32.8,8.5,191,5.3,1010,8,
52,Christian Kirk,ARI,25,WR,17,11,103,77,982,12.8,5,44,60.2,50,4.5,57.8,74.8%,9.5,1,11,0,1,100.0,11,11.0,0.6,0.1,78,12.7,993,5,
53,James Robinson,JAX,23,RB,14,13,46,31,222,7.2,0,9,41.3,26,2.2,15.9,67.4%,4.8,164,767,8,41,50.0,58,4.7,54.8,11.7,195,5.1,989,8,4
54,D.K. Metcalf,SEA,24,WR,17,17,129,75,967,12.9,12,48,48.1,84,4.4,56.9,58.1%,7.5,1,6,0,0,100.0,6,6.0,0.4,0.1,76,12.8,973,12,1
55,Sony Michel,LAR,26,RB,17,7,33,21,128,6.1,1,6,42.4,24,1.2,7.5,63.6%,3.9,208,845,4,49,51.4,39,4.1,49.7,12.2,229,4.2,973,5,1
56,Amon-Ra St. Brown,DET,22,WR,17,9,119,90,912,10.1,5,48,59.7,37,5.3,53.6,75.6%,7.7,7,61,1,2,42.9,26,8.7,3.6,0.4,97,10.0,973,6,
57,Michael Carter,NYJ,22,RB,14,11,55,36,325,9.0,0,16,47.3,23,2.6,23.2,65.5%,5.9,147,639,4,29,51.0,55,4.3,45.6,10.5,183,5.3,964,4,1
58,Chase Claypool,PIT,23,WR,15,13,105,59,860,14.6,2,35,43.8,59,3.9,57.3,56.2%,8.2,14,96,0,7,71.4,25,6.9,6.4,0.9,73,13.1,956,2,
59,George Kittle*,SFO,28,TE,14,14,94,71,910,12.8,6,42,60.6,48,5.1,65.0,75.5%,9.7,3,20,0,0,100.0,9,6.7,1.4,0.2,74,12.6,930,6,2
Rk,Player,Tm,Age,Pos,G,GS,Tgt,Rec,Yds,Y/R,TD,1D,Succ%,Lng,R/G,Y/G,Ctch%,Y/Tgt,Att,Yds,TD,1D,Succ%,Lng,Y/A,Y/G,A/G,Touch,Y/Tch,YScm,RRTD,Fmb
60,Kendrick Bourne,NWE,26,WR,17,5,70,55,800,14.5,5,27,65.7,75,3.2,47.1,78.6%,11.4,12,125,0,7,83.3,18,10.4,7.4,0.7,67,13.8,925,5,1
61,DeVonta Smith,PHI,23,WR,17,16,104,64,916,14.3,5,43,54.8,46,3.8,53.9,61.5%,8.8,,,0,0,,,,,,64,14.3,916,5,1
62,Miles Sanders,PHI,24,RB,12,12,34,26,158,6.1,0,6,38.2,25,2.2,13.2,76.5%,4.6,137,754,0,33,59.1,38,5.5,62.8,11.4,163,5.6,912,0,1
63,Chase Edmonds,ARI,25,RB,12,11,53,43,311,7.2,0,11,35.8,36,3.6,25.9,81.1%,5.9,116,592,2,32,56.9,54,5.1,49.3,9.7,159,5.7,903,2,1
64,A.J. Brown,TEN,24,WR,13,13,105,63,869,13.8,5,45,50.5,57,4.8,66.8,60.0%,8.3,2,10,0,1,50.0,7,5.0,0.8,0.2,65,13.5,879,5,
65,Jakobi Meyers,NWE,25,WR,17,16,126,83,866,10.4,2,42,52.4,39,4.9,50.9,65.9%,6.9,1,9,0,0,100.0,9,9.0,0.5,0.1,84,10.4,875,2,1
66,Amari Cooper,DAL,27,WR,15,14,104,68,865,12.7,8,45,53.8,41,4.5,57.7,65.4%,8.3,,,0,0,,,,,,68,12.7,865,8,1
67,Darrell Henderson,LAR,24,RB,12,10,40,29,176,6.1,3,8,40.0,25,2.4,14.7,72.5%,4.4,149,688,5,39,57.0,29,4.6,57.3,12.4,178,4.9,864,8,
68,Devontae Booker,NYG,29,RB,16,4,45,40,268,6.7,1,11,51.1,41,2.5,16.8,88.9%,6.0,145,593,2,31,44.1,31,4.1,37.1,9.1,185,4.7,861,3,
69,Saquon Barkley,NYG,24,RB,13,13,57,41,263,6.4,2,13,36.8,54,3.2,20.2,71.9%,4.6,162,593,2,27,42.0,41,3.7,45.6,12.5,203,4.2,856,4,2
70,Tyler Boyd,CIN,27,WR,16,10,94,67,828,12.4,5,37,53.2,68,4.2,51.8,71.3%,8.8,2,22,0,1,100.0,14,11.0,1.4,0.1,69,12.3,850,5,1
71,A.J. Green,ARI,33,WR,16,9,92,54,848,15.7,3,37,53.3,42,3.4,53.0,58.7%,9.2,,,0,0,,,,,,54,15.7,848,3,
72,Myles Gaskin,MIA,24,RB,17,10,63,49,234,4.8,4,13,46.0,24,2.9,13.8,77.8%,3.7,173,612,3,25,41.6,30,3.5,36.0,10.2,222,3.8,846,7,2
73,Brandon Aiyuk,SFO,23,WR,17,16,84,56,826,14.8,5,37,60.7,43,3.3,48.6,66.7%,9.8,5,17,0,0,40.0,8,3.4,1.0,0.3,61,13.8,843,5,2
74,Marvin Jones,JAX,31,WR,17,16,120,73,832,11.4,4,42,53.3,33,4.3,48.9,60.8%,6.9,,,0,0,,,,,,73,11.4,832,4,
75,Dallas Goedert,PHI,26,TE,15,14,76,56,830,14.8,4,42,68.4,45,3.7,55.3,73.7%,10.9,,,0,0,,,,,,56,14.8,830,4,1
76,Van Jefferson,LAR,25,WR,17,17,89,50,802,16.0,6,32,52.8,79,2.9,47.2,56.2%,9.0,2,20,0,1,100.0,10,10.0,1.2,0.1,52,15.8,822,6,
77,Dalton Schultz,DAL,25,TE,17,15,104,78,808,10.4,8,43,62.5,32,4.6,47.5,75.0%,7.8,,,0,0,,,,,,78,10.4,808,8,
78,Rob Gronkowski,TAM,32,TE,12,12,89,55,802,14.6,6,34,57.3,42,4.6,66.8,61.8%,9.0,,,0,0,,,,,,55,14.6,802,6,
79,Rashaad Penny,SEA,25,RB,10,6,8,6,48,8.0,0,3,37.5,27,0.6,4.8,75.0%,6.0,119,749,6,28,46.2,62,6.3,74.9,11.9,125,6.4,797,6,
80,Chuba Hubbard,CAR,22,RB,17,10,37,25,174,7.0,1,8,40.5,33,1.5,10.2,67.6%,4.7,172,612,5,36,43.0,26,3.6,36.0,10.1,197,4.0,786,6,1
81,Christian McCaffrey,CAR,25,RB,7,7,41,37,343,9.3,1,21,65.9,32,5.3,49.0,90.2%,8.4,99,442,1,20,50.5,18,4.5,63.1,14.1,136,5.8,785,2,1
82,Jalen Hurts,PHI,23,QB,15,15,1,0,0,,0,0,0.0,0,0.0,0.0,0.0%,0.0,139,784,10,56,61.9,31,5.6,52.3,9.3,139,5.6,784,10,9
83,Mike Gesicki,MIA,26,TE,17,9,112,73,780,10.7,2,39,53.6,40,4.3,45.9,65.2%,7.0,,,0,0,,,,,,73,10.7,780,2,
84,Courtland Sutton,DEN,26,WR,17,16,98,58,776,13.4,2,35,50.0,55,3.4,45.6,59.2%,7.9,,,0,0,,,,,,58,13.4,776,2,
85,Russell Gage,ATL,25,WR,14,9,94,66,770,11.7,4,37,55.3,49,4.7,55.0,70.2%,8.2,,,0,0,,,,,,66,11.7,770,4,2
86,Zach Ertz,2TM,31,TE,17,14,112,74,763,10.3,5,40,50.0,47,4.4,44.9,66.1%,6.8,1,4,0,0,100.0,4,4.0,0.2,0.1,75,10.2,767,5,
87,Lamar Jackson*,BAL,24,QB,12,12,,,,,0,0,,,,,,,133,767,2,48,56.4,31,5.8,63.9,11.1,133,5.8,767,2,6
88,Devonta Freeman,BAL,29,RB,16,8,42,34,190,5.6,1,9,42.9,15,2.1,11.9,81.0%,4.5,133,576,5,31,58.6,32,4.3,36.0,8.3,167,4.6,766,6,
89,Josh Allen,BUF,25,QB,17,17,,,,,0,0,,,,,,,122,763,6,54,61.5,34,6.3,44.9,7.2,122,6.3,763,6,8
Rk,Player,Tm,Age,Pos,G,GS,Tgt,Rec,Yds,Y/R,TD,1D,Succ%,Lng,R/G,Y/G,Ctch%,Y/Tgt,Att,Yds,TD,1D,Succ%,Lng,Y/A,Y/G,A/G,Touch,Y/Tch,YScm,RRTD,Fmb
90,Mike Davis,ATL,28,RB,17,8,58,44,259,5.9,1,12,39.7,20,2.6,15.2,75.9%,4.5,138,503,3,21,42.0,18,3.6,29.6,8.1,182,4.2,762,4,4
91,Jamaal Williams,DET,26,RB,13,11,28,26,157,6.0,0,6,60.7,15,2.0,12.1,92.9%,5.6,153,601,3,42,54.2,20,3.9,46.2,11.8,179,4.2,758,3,1
92,Mecole Hardman,KAN,23,WR,17,8,83,59,693,11.7,2,33,60.2,53,3.5,40.8,71.1%,8.3,8,46,0,2,25.0,24,5.8,2.7,0.5,67,11.0,739,2,3
93,Tim Patrick,DEN,28,WR,16,16,85,53,734,13.8,5,39,55.3,44,3.3,45.9,62.4%,8.6,,,0,0,,,,,,53,13.8,734,5,
94,Rhamondre Stevenson,NWE,23,RB,12,2,18,14,123,8.8,0,3,50.0,41,1.2,10.3,77.8%,6.8,133,606,5,33,57.9,21,4.6,50.5,11.1,147,5.0,729,5,2
95,Adam Thielen,MIN,31,WR,13,13,95,67,726,10.8,10,37,50.5,35,5.2,55.8,70.5%,7.6,1,2,0,0,0.0,2,2.0,0.2,0.1,68,10.7,728,10,1
96,Alexander Mattison,MIN,23,RB,16,4,39,32,228,7.1,1,10,43.6,24,2.0,14.3,82.1%,5.8,134,491,3,28,44.0,48,3.7,30.7,8.4,166,4.3,719,4,1
97,Mark Ingram,2TM,32,RB,14,10,35,27,162,6.0,0,9,45.7,34,1.9,11.6,77.1%,4.6,160,554,2,23,38.1,28,3.5,39.6,11.4,187,3.8,716,2,1
98,Marquez Callaway,NOR,23,WR,17,11,84,46,698,15.2,6,32,46.4,58,2.7,41.1,54.8%,8.3,,,0,0,,,,,,46,15.2,698,6,
99,Cole Beasley,BUF,32,WR,16,8,112,82,693,8.5,1,34,57.1,29,5.1,43.3,73.2%,6.2,,,0,0,,,,,,82,8.5,693,1,1
100,D'Onta Foreman,TEN,25,RB,9,3,11,9,123,13.7,0,6,72.7,39,1.0,13.7,81.8%,11.2,133,566,3,22,48.9,35,4.3,62.9,14.8,142,4.9,689,3,2
101,D'Ernest Johnson,CLE,25,RB,17,2,25,19,137,7.2,0,7,44.0,18,1.1,8.1,76.0%,5.5,100,534,3,24,52.0,30,5.3,31.4,5.9,119,5.6,671,3,1
102,Noah Fant,DEN,24,TE,16,16,90,68,670,9.9,4,29,47.8,35,4.3,41.9,75.6%,7.4,,,0,0,,,,,,68,9.9,670,4,
103,K.J. Osborn,MIN,24,WR,17,9,82,50,655,13.1,7,26,46.3,64,2.9,38.5,61.0%,8.0,1,10,0,1,100.0,10,10.0,0.6,0.1,51,13.0,665,7,
104,Darren Waller,LVR,29,TE,11,11,93,55,665,12.1,2,31,49.5,33,5.0,60.5,59.1%,7.2,,,0,0,,,,,,55,12.1,665,2,
105,Laviska Shenault Jr.,JAX,23,WR,16,10,100,63,619,9.8,0,30,47.0,58,3.9,38.7,63.0%,6.2,11,41,0,2,45.5,11,3.7,2.6,0.7,74,8.9,660,0,1
106,Emmanuel Sanders,BUF,34,WR,14,13,72,42,626,14.9,4,31,52.8,41,3.0,44.7,58.3%,8.7,2,31,0,2,100.0,24,15.5,2.2,0.1,44,14.9,657,4,
107,Quez Watkins,PHI,23,WR,17,12,62,43,647,15.0,1,25,46.8,91,2.5,38.1,69.4%,10.4,1,3,0,0,0.0,3,3.0,0.2,0.1,44,14.8,650,1,
108,Clyde Edwards-Helaire,KAN,22,RB,10,10,23,19,129,6.8,2,8,56.5,29,1.9,12.9,82.6%,5.6,119,517,4,21,56.3,17,4.3,51.7,11.9,138,4.7,646,6,2
109,Brandon Bolden,NWE,31,RB,17,1,49,41,405,9.9,2,21,49.0,28,2.4,23.8,83.7%,8.3,44,226,1,12,43.2,24,5.1,13.3,2.6,85,7.4,631,3,1
110,Rex Burkhead,HOU,31,RB,16,5,32,25,186,7.4,0,9,46.9,20,1.6,11.6,78.1%,5.8,122,427,3,30,44.3,36,3.5,26.7,7.6,147,4.2,613,3,1
111,Cedrick Wilson Jr.,DAL,26,WR,16,4,61,45,602,13.4,6,27,60.7,73,2.8,37.6,73.8%,9.9,2,11,0,1,50.0,6,5.5,0.7,0.1,47,13.0,613,6,3
112,Cole Kmet,CHI,22,TE,17,17,93,60,612,10.2,0,29,48.4,25,3.5,36.0,64.5%,6.6,1,0,0,0,0.0,0,0.0,0.0,0.1,61,10.0,612,0,
113,Deonte Harty,NOR,24,WR,13,1,59,36,570,15.8,3,23,50.8,72,2.8,43.8,61.0%,9.7,5,41,0,1,60.0,22,8.2,3.2,0.4,41,14.9,611,3,2
114,Ty Johnson,NYJ,24,RB,16,3,55,34,372,10.9,2,20,47.3,23,2.1,23.3,61.8%,6.8,61,238,2,13,47.5,24,3.9,14.9,3.8,95,6.4,610,4,2
115,Jarvis Landry,CLE,29,WR,12,12,87,52,570,11.0,2,30,48.3,38,4.3,47.5,59.8%,6.6,6,40,2,4,83.3,16,6.7,3.3,0.5,58,10.5,610,4,3
116,J.D. McKissic,WAS,28,RB,11,3,53,43,397,9.2,2,15,52.8,56,3.9,36.1,81.1%,7.5,48,212,2,14,60.4,15,4.4,19.3,4.4,91,6.7,609,4,
117,Kalif Raymond,DET,27,WR,16,14,71,48,576,12.0,4,28,50.7,75,3.0,36.0,67.6%,8.1,4,28,0,2,75.0,13,7.0,1.8,0.3,52,11.6,604,4,
118,Hunter Henry,NWE,27,TE,17,10,75,50,603,12.1,9,34,62.7,35,2.9,35.5,66.7%,8.0,,,0,0,,,,,,50,12.1,603,9,
119,Robert Woods,LAR,29,WR,9,9,69,45,556,12.4,4,34,59.4,28,5.0,61.8,65.2%,8.1,8,46,1,1,50.0,16,5.8,5.1,0.9,53,11.4,602,5,
Rk,Player,Tm,Age,Pos,G,GS,Tgt,Rec,Yds,Y/R,TD,1D,Succ%,Lng,R/G,Y/G,Ctch%,Y/Tgt,Att,Yds,TD,1D,Succ%,Lng,Y/A,Y/G,A/G,Touch,Y/Tch,YScm,RRTD,Fmb
120,Donovan Peoples-Jones,CLE,22,WR,14,9,58,34,597,17.6,3,26,51.7,60,2.4,42.6,58.6%,10.3,,,0,0,,,,,,34,17.6,597,3,2
121,Tyler Conklin,MIN,26,TE,17,15,87,61,593,9.7,3,26,47.1,40,3.6,34.9,70.1%,6.8,,,0,0,,,,,,61,9.7,593,3,1
122,Elijah Moore,NYJ,21,WR,11,6,77,43,538,12.5,5,24,45.5,62,3.9,48.9,55.8%,7.0,5,54,1,3,100.0,19,10.8,4.9,0.5,48,12.3,592,6,
123,Dawson Knox,BUF,25,TE,15,14,71,49,587,12.0,9,31,59.2,53,3.3,39.1,69.0%,8.3,0,4,0,0,,,,0.3,0.0,49,12.1,591,9,
124,Nyheim Hines,IND,25,RB,17,4,57,40,310,7.8,1,15,42.1,36,2.4,18.2,70.2%,5.4,56,276,2,15,48.2,34,4.9,16.2,3.3,96,6.1,586,3,3
125,T.J. Hockenson,DET,24,TE,12,12,84,61,583,9.6,4,32,56.0,33,5.1,48.6,72.6%,6.9,,,0,0,,,,,,61,9.6,583,4,
126,Latavius Murray,BAL,31,RB,14,6,13,10,75,7.5,0,2,53.8,18,0.7,5.4,76.9%,5.8,119,501,6,36,58.0,46,4.2,35.8,8.5,129,4.5,576,6,
127,DeAndre Hopkins,ARI,29,WR,10,10,64,42,572,13.6,8,32,59.4,55,4.2,57.2,65.6%,8.9,,,0,0,,,,,,42,13.6,572,8,
128,Bryan Edwards,LVR,23,WR,16,12,59,34,571,16.8,3,26,50.8,51,2.1,35.7,57.6%,9.7,1,0,0,0,0.0,0,0.0,0.0,0.1,35,16.3,571,3,1
129,Byron Pringle,KAN,28,WR,17,5,60,42,568,13.5,5,32,66.7,40,2.5,33.4,70.0%,9.5,,,0,0,,,,,,42,13.5,568,5,2
130,Jared Cook,LAC,34,TE,16,10,83,48,564,11.8,4,31,50.6,42,3.0,35.3,57.8%,6.8,,,0,0,,,,,,48,11.8,564,4,
131,Tyler Higbee,LAR,28,TE,15,15,85,61,560,9.2,5,33,60.0,37,4.1,37.3,71.8%,6.6,,,0,0,,,,,,61,9.2,560,5,1
132,Kareem Hunt,CLE,26,RB,8,1,27,22,174,7.9,0,10,51.9,23,2.8,21.8,81.5%,6.4,78,386,5,22,47.4,33,4.9,48.3,9.8,100,5.6,560,5,
133,Robbie Chosen,CAR,28,WR,17,16,110,53,519,9.8,5,27,36.4,57,3.1,30.5,48.2%,4.7,3,36,0,1,66.7,30,12.0,2.1,0.2,56,9.9,555,5,
134,Odell Beckham Jr.,2TM,29,WR,14,13,82,44,537,12.2,5,27,48.8,54,3.1,38.4,53.7%,6.5,2,14,0,1,50.0,10,7.0,1.0,0.1,46,12.0,551,5,
135,Antonio Brown,TAM,33,WR,7,3,62,42,545,13.0,4,29,53.2,62,6.0,77.9,67.7%,8.8,1,6,0,0,100.0,6,6.0,0.9,0.1,43,12.8,551,4,
136,Gabriel Davis,BUF,22,WR,16,4,63,35,549,15.7,6,29,47.6,49,2.2,34.3,55.6%,8.7,,,0,0,,,,,,35,15.7,549,6,
137,Zay Jones,LVR,26,WR,17,9,70,47,546,11.6,1,29,55.7,43,2.8,32.1,67.1%,7.8,2,3,0,0,50.0,4,1.5,0.2,0.1,49,11.2,549,1,1
138,Kenyan Drake,LVR,27,RB,12,2,40,30,291,9.7,1,12,57.5,31,2.5,24.3,75.0%,7.3,63,254,2,15,44.4,21,4.0,21.2,5.3,93,5.9,545,3,1
139,Allen Lazard,GNB,26,WR,15,13,60,40,513,12.8,8,28,60.0,42,2.7,34.2,66.7%,8.6,3,32,0,2,100.0,14,10.7,2.1,0.2,43,12.7,545,8,
140,Kenneth Gainwell,PHI,22,RB,16,1,50,33,253,7.7,1,14,44.0,19,2.1,15.8,66.0%,5.1,68,291,5,19,50.0,18,4.3,18.2,4.3,101,5.4,544,6,2
141,Justin Jackson,LAC,25,RB,14,2,25,22,178,8.1,0,8,68.0,25,1.6,12.7,88.0%,7.1,68,364,2,18,50.0,75,5.4,26.0,4.9,90,6.0,542,2,1
142,Zack Moss,BUF,24,RB,13,0,32,23,197,8.6,1,12,53.1,24,1.8,15.2,71.9%,6.2,96,345,4,22,49.0,17,3.6,26.5,7.4,119,4.6,542,5,2
143,Khalil Herbert,CHI,23,RB,17,2,16,14,96,6.9,0,6,50.0,20,0.8,5.6,87.5%,6.0,103,433,2,24,50.5,29,4.2,25.5,6.1,117,4.5,529,2,1
144,Kenny Golladay,NYG,28,WR,14,14,76,37,521,14.1,0,27,44.7,36,2.6,37.2,48.7%,6.9,,,0,0,,,,,,37,14.1,521,0,
145,Rashod Bateman,BAL,22,WR,12,4,68,46,515,11.2,1,29,58.8,36,3.8,42.9,67.6%,7.6,,,0,0,,,,,,46,11.2,515,1,
146,DeVante Parker,MIA,28,WR,10,8,73,40,515,12.9,2,29,50.7,42,4.0,51.5,54.8%,7.1,,,0,0,,,,,,40,12.9,515,2,
147,Rondale Moore,ARI,21,WR,14,7,64,54,435,8.1,1,18,54.7,77,3.9,31.1,84.4%,6.8,18,76,0,2,50.0,26,4.2,5.4,1.3,72,7.1,511,1,3
148,Alex Collins,SEA,27,RB,11,6,10,9,87,9.7,0,3,60.0,28,0.8,7.9,90.0%,8.7,108,411,2,22,50.9,25,3.8,37.4,9.8,117,4.3,498,2,1
149,Gerald Everett,SEA,27,TE,15,12,63,48,478,10.0,4,26,60.3,41,3.2,31.9,76.2%,7.6,3,20,0,2,66.7,13,6.7,1.3,0.2,51,9.8,498,4,2
Rk,Player,Tm,Age,Pos,G,GS,Tgt,Rec,Yds,Y/R,TD,1D,Succ%,Lng,R/G,Y/G,Ctch%,Y/Tgt,Att,Yds,TD,1D,Succ%,Lng,Y/A,Y/G,A/G,Touch,Y/Tch,YScm,RRTD,Fmb
150,Pat Freiermuth,PIT,23,TE,16,9,79,60,497,8.3,7,34,55.7,24,3.8,31.1,75.9%,6.3,,,0,0,,,,,,60,8.3,497,7,1
151,C.J. Uzomah,CIN,28,TE,16,16,63,49,493,10.1,5,24,54.0,55,3.1,30.8,77.8%,7.8,,,0,0,,,,,,49,10.1,493,5,
152,Corey Davis,NYJ,26,WR,9,9,59,34,492,14.5,4,23,50.8,53,3.8,54.7,57.6%,8.3,,,0,0,,,,,,34,14.5,492,4,2
153,Ronald Jones II,TAM,24,RB,16,3,13,10,64,6.4,0,2,61.5,15,0.6,4.0,76.9%,4.9,101,428,4,25,62.4,30,4.2,26.8,6.3,111,4.4,492,4,2
154,Henry Ruggs III,LVR,22,WR,7,7,36,24,469,19.5,2,16,58.3,61,3.4,67.0,66.7%,13.0,3,16,0,0,100.0,7,5.3,2.3,0.4,27,18.0,485,2,
155,Nelson Agholor,NWE,28,WR,15,13,64,37,473,12.8,3,23,45.3,44,2.5,31.5,57.8%,7.4,3,11,0,0,33.3,6,3.7,0.7,0.2,40,12.1,484,3,
156,Jalen Guyton,LAC,24,WR,16,2,48,31,448,14.5,3,21,60.4,59,1.9,28.0,64.6%,9.3,7,34,0,2,28.6,21,4.9,2.1,0.4,38,12.7,482,3,1
157,David Njoku,CLE,25,TE,16,11,53,36,475,13.2,4,17,56.6,71,2.3,29.7,67.9%,9.0,1,1,0,0,0.0,1,1.0,0.1,0.1,37,12.9,476,4,
158,Nick Westbrook-Ikhine,TEN,24,WR,16,7,57,38,476,12.5,4,23,54.4,46,2.4,29.8,66.7%,8.4,,,0,0,,,,,,38,12.5,476,4,1
159,Braxton Berrios+,NYJ,26,WR,16,1,65,46,431,9.4,2,21,50.8,46,2.9,26.9,70.8%,6.6,7,40,2,3,85.7,11,5.7,2.5,0.4,53,8.9,471,4,1
160,Jerry Jeudy,DEN,22,WR,10,5,56,38,467,12.3,0,22,53.6,40,3.8,46.7,67.9%,8.3,2,3,0,0,0.0,3,1.5,0.3,0.2,40,11.8,470,0,1
161,DeSean Jackson,2TM,35,WR,16,4,34,20,454,22.7,2,12,52.9,75,1.3,28.4,58.8%,13.4,1,4,0,0,100.0,4,4.0,0.3,0.1,21,21.8,458,2,1
162,Boston Scott,PHI,26,RB,16,4,16,13,83,6.4,0,3,37.5,19,0.8,5.2,81.3%,5.2,87,373,7,24,56.3,23,4.3,23.3,5.4,100,4.6,456,7,1
163,Ameer Abdullah,2TM,28,RB,17,1,53,38,289,7.6,1,13,45.3,23,2.2,17.0,71.7%,5.5,51,166,0,8,45.1,15,3.3,9.8,3.0,89,5.1,455,1,
164,David Johnson,HOU,30,RB,13,4,42,32,225,7.0,1,11,42.9,16,2.5,17.3,76.2%,5.4,67,228,0,7,34.3,15,3.4,17.5,5.2,99,4.6,453,1,1
165,Keelan Cole,NYJ,28,WR,15,11,51,28,449,16.0,1,20,49.0,54,1.9,29.9,54.9%,8.8,,,0,0,,,,,,28,16.0,449,1,
166,Jamison Crowder,NYJ,28,WR,12,4,71,51,447,8.8,2,24,54.9,29,4.3,37.3,71.8%,6.3,,,0,0,,,,,,51,8.8,447,2,1
167,Nico Collins,HOU,22,WR,14,8,60,33,446,13.5,1,22,48.3,32,2.4,31.9,55.0%,7.4,,,0,0,,,,,,33,13.5,446,1,
168,Michael Gallup,DAL,25,WR,9,8,62,35,445,12.7,2,23,50.0,41,3.9,49.4,56.5%,7.2,,,0,0,,,,,,35,12.7,445,2,
169,Samaje Perine,CIN,26,RB,16,0,31,27,196,7.3,1,9,35.5,23,1.7,12.3,87.1%,6.3,55,246,1,11,41.8,46,4.5,15.4,3.4,82,5.4,442,2,
170,Dontrell Hilliard,TEN,26,RB,8,5,26,19,87,4.6,0,7,34.6,28,2.4,10.9,73.1%,3.3,56,350,2,15,46.4,68,6.3,43.8,7.0,75,5.8,437,2,2
171,Julio Jones,TEN,32,WR,10,10,48,31,434,14.0,1,19,52.1,51,3.1,43.4,64.6%,9.0,,,0,0,,,,,,31,14.0,434,1,
172,Laquon Treadwell,JAX,26,WR,12,7,51,33,434,13.2,1,22,56.9,41,2.8,36.2,64.7%,8.5,,,0,0,,,,,,33,13.2,434,1,
173,Kyler Murray*,ARI,24,QB,14,14,0,0,7,,0,0,,,0.0,0.5,0.0%,,88,423,5,25,53.4,57,4.8,30.2,6.3,88,4.9,430,5,13
174,Marquez Valdes-Scantling,GNB,27,WR,11,7,55,26,430,16.5,3,18,38.2,75,2.4,39.1,47.3%,7.8,,,0,0,,,,,,26,16.5,430,3,
175,Taysom Hill,NOR,31,QB,12,9,6,4,52,13.0,0,4,66.7,15,0.3,4.3,66.7%,8.7,70,374,5,26,61.4,44,5.3,31.2,5.8,74,5.8,426,5,2
176,Kadarius Toney,NYG,22,WR,10,4,57,39,420,10.8,0,21,52.6,38,3.9,42.0,68.4%,7.4,3,6,0,0,0.0,7,2.0,0.6,0.3,42,10.1,426,0,
177,Jordan Howard,PHI,27,RB,7,0,5,2,19,9.5,0,2,40.0,10,0.3,2.7,40.0%,3.8,86,406,3,24,62.8,25,4.7,58.0,12.3,88,4.8,425,3,
178,Justin Fields,CHI,22,QB,12,10,,,,,0,0,,,,,,,72,420,2,22,48.6,23,5.8,35.0,6.0,72,5.8,420,2,12
179,Allen Robinson,CHI,28,WR,12,11,66,38,410,10.8,1,22,47.0,39,3.2,34.2,57.6%,6.2,,,0,0,,,,,,38,10.8,410,1,
Rk,Player,Tm,Age,Pos,G,GS,Tgt,Rec,Yds,Y/R,TD,1D,Succ%,Lng,R/G,Y/G,Ctch%,Y/Tgt,Att,Yds,TD,1D,Succ%,Lng,Y/A,Y/G,A/G,Touch,Y/Tch,YScm,RRTD,Fmb
180,Dan Arnold,2TM,26,WR,11,4,52,35,408,11.7,0,20,55.8,28,3.2,37.1,67.3%,7.8,,,0,0,,,,,,35,11.7,408,0,1
181,Olamide Zaccheaus,ATL,24,WR,17,8,53,31,406,13.1,3,22,49.1,49,1.8,23.9,58.5%,7.7,1,2,0,1,100.0,2,2.0,0.1,0.1,32,12.8,408,3,
182,Tevin Coleman,NYJ,28,RB,11,5,16,11,49,4.5,0,2,37.5,11,1.0,4.5,68.8%,3.1,84,356,0,19,53.6,20,4.2,32.4,7.6,95,4.3,405,0,
183,Evan Engram,NYG,27,TE,15,12,73,46,408,8.9,3,21,41.1,30,3.1,27.2,63.0%,5.6,1,-3,0,0,0.0,-3,-3.0,-0.2,0.1,47,8.6,405,3,1
184,Zach Pascal,IND,27,WR,16,13,69,38,384,10.1,3,16,37.7,41,2.4,24.0,55.1%,5.6,2,21,0,0,100.0,12,10.5,1.3,0.1,40,10.1,405,3,1
185,Jeremy McNichols,TEN,26,RB,14,0,38,28,240,8.6,1,11,39.5,27,2.0,17.1,73.7%,6.3,41,156,0,6,41.5,14,3.8,11.1,2.9,69,5.7,396,1,
186,Josh Reynolds,2TM,26,WR,12,5,49,29,396,13.7,2,21,53.1,39,2.4,33.0,59.2%,8.1,,,0,0,,,,,,29,13.7,396,2,
187,Sammy Watkins,BAL,28,WR,13,9,49,27,394,14.6,1,17,46.9,49,2.1,30.3,55.1%,8.0,,,0,0,,,,,,27,14.6,394,1,1
188,DeAndre Carter,WAS,28,WR,17,6,44,24,296,12.3,3,17,45.5,26,1.4,17.4,54.5%,6.7,10,89,0,4,80.0,27,8.9,5.2,0.6,34,11.3,385,3,3
189,Adam Humphries,WAS,28,WR,17,11,62,41,383,9.3,0,23,43.5,27,2.4,22.5,66.1%,6.2,,,0,0,,,,,,41,9.3,383,0,
190,Patrick Mahomes*,KAN,26,QB,17,17,,,,,0,0,,,,,,,66,381,2,25,50.0,32,5.8,22.4,3.9,66,5.8,381,2,9
191,Tre'Quan Smith,NOR,25,WR,11,6,50,32,377,11.8,3,18,52.0,34,2.9,34.3,64.0%,7.5,,,0,0,,,,,,32,11.8,377,3,1
192,Randall Cobb,GNB,31,WR,12,3,39,28,375,13.4,5,21,59.0,54,2.3,31.3,71.8%,9.6,1,1,0,0,0.0,1,1.0,0.1,0.1,29,13.0,376,5,1
193,Freddie Swain,SEA,23,WR,17,8,40,25,343,13.7,4,12,40.0,68,1.5,20.2,62.5%,8.6,5,32,0,2,60.0,11,6.4,1.9,0.3,30,12.5,375,4,1
194,Foster Moreau,LVR,24,TE,17,11,44,30,373,12.4,3,16,52.3,44,1.8,21.9,68.2%,8.5,,,0,0,,,,,,30,12.4,373,3,1
195,Duke Johnson,MIA,28,RB,5,4,5,4,41,10.3,0,3,80.0,20,0.8,8.2,80.0%,8.2,71,330,3,18,49.3,27,4.6,66.0,14.2,75,4.9,371,3,
196,Derrick Gore,KAN,27,RB,11,0,9,8,105,13.1,0,3,77.8,50,0.7,9.5,88.9%,11.7,51,256,2,12,60.8,51,5.0,23.3,4.6,59,6.1,361,2,
197,Tyler Johnson,TAM,23,WR,17,3,55,36,360,10.0,0,14,43.6,31,2.1,21.2,65.5%,6.5,,,0,0,,,,,,36,10.0,360,0,
198,Durham Smythe,MIA,26,TE,17,12,41,34,357,10.5,0,15,65.9,25,2.0,21.0,82.9%,8.7,2,3,0,2,100.0,2,1.5,0.2,0.1,36,10.0,360,0,
199,Josh Palmer,LAC,22,WR,17,5,49,33,353,10.7,4,18,55.1,36,1.9,20.8,67.3%,7.2,1,6,0,0,100.0,6,6.0,0.4,0.1,34,10.6,359,4,
200,Sterling Shepard,NYG,28,WR,7,6,53,36,366,10.2,1,19,47.2,37,5.1,52.3,67.9%,6.9,1,-9,0,0,0.0,-9,-9.0,-1.3,0.1,37,9.6,357,1,
201,Austin Hooper,CLE,27,TE,16,16,61,38,345,9.1,3,18,55.7,34,2.4,21.6,62.3%,5.7,,,0,0,,,,,,38,9.1,345,3,
202,Jamal Agnew,JAX,26,WR,10,2,39,24,229,9.5,1,14,48.7,29,2.4,22.9,61.5%,5.9,7,111,1,3,85.7,66,15.9,11.1,0.7,31,11.0,340,2,1
203,Jaret Patterson,WAS,22,RB,17,1,11,10,73,7.3,0,5,54.5,12,0.6,4.3,90.9%,6.6,68,266,2,15,50.0,13,3.9,15.6,4.0,78,4.3,339,2,1
204,Travis Homer,SEA,23,RB,14,0,20,16,161,10.1,0,8,50.0,31,1.1,11.5,80.0%,8.1,21,177,1,7,57.1,73,8.4,12.6,1.5,37,9.1,338,1,
205,Trevor Lawrence,JAX,22,QB,17,17,,,,,0,0,,,,,,,73,334,2,22,50.7,26,4.6,19.6,4.3,73,4.6,334,2,9
206,Jonnu Smith,NWE,26,TE,16,11,45,28,294,10.5,1,15,40.0,28,1.8,18.4,62.2%,6.5,9,40,0,2,44.4,9,4.4,2.5,0.6,37,9.0,334,1,1
207,T.Y. Hilton,IND,32,WR,10,9,37,23,331,14.4,3,15,56.8,52,2.3,33.1,62.2%,8.9,,,0,0,,,,,,23,14.4,331,3,
208,Jalen Reagor,PHI,22,WR,17,13,57,33,299,9.1,2,13,36.8,34,1.9,17.6,57.9%,5.2,10,32,0,3,40.0,12,3.2,1.9,0.6,43,7.7,331,2,2
209,Albert Okwuegbunam,DEN,23,TE,14,6,40,33,330,10.0,2,15,60.0,64,2.4,23.6,82.5%,8.3,,,0,0,,,,,,33,10.0,330,2,1
Rk,Player,Tm,Age,Pos,G,GS,Tgt,Rec,Yds,Y/R,TD,1D,Succ%,Lng,R/G,Y/G,Ctch%,Y/Tgt,Att,Yds,TD,1D,Succ%,Lng,Y/A,Y/G,A/G,Touch,Y/Tch,YScm,RRTD,Fmb
210,Damiere Byrd,CHI,28,WR,17,4,38,26,329,12.7,1,18,57.9,54,1.5,19.4,68.4%,8.7,,,0,0,,,,,,26,12.7,329,1,1
211,Chris Conley,HOU,29,WR,16,10,37,22,323,14.7,2,15,48.6,41,1.4,20.2,59.5%,8.7,1,3,0,1,100.0,3,3.0,0.2,0.1,23,14.2,326,2,1
212,Darius Slayton,NYG,24,WR,13,5,58,26,339,13.0,2,14,31.0,42,2.0,26.1,44.8%,5.8,1,-13,0,0,0.0,-13,-13.0,-1.0,0.1,27,12.1,326,2,1
213,Jeff Wilson,SFO,26,RB,9,4,8,7,31,4.4,0,1,37.5,11,0.8,3.4,87.5%,3.9,79,294,2,19,50.6,17,3.7,32.7,8.8,86,3.8,325,2,1
214,Devin Duvernay*+,BAL,24,WR,16,7,47,33,272,8.2,2,14,46.8,21,2.1,17.0,70.2%,5.8,7,50,0,4,42.9,19,7.1,3.1,0.4,40,8.1,322,2,1
215,Carlos Hyde,JAX,31,RB,12,2,21,12,65,5.4,0,1,38.1,9,1.0,5.4,57.1%,3.1,72,253,1,14,50.0,18,3.5,21.1,6.0,84,3.8,318,1,2
216,Kyle Juszczyk*,SFO,30,FB,17,16,38,30,296,9.9,1,16,63.2,26,1.8,17.4,78.9%,7.8,8,22,1,3,50.0,6,2.8,1.3,0.5,38,8.4,318,2,
217,Mo Alie-Cox,IND,28,TE,17,7,45,24,316,13.2,4,14,42.2,37,1.4,18.6,53.3%,7.0,,,0,0,,,,,,24,13.2,316,4,1
218,Daniel Jones,NYG,24,QB,11,11,1,1,16,16.0,0,1,100.0,16,0.1,1.5,100.0%,16.0,62,298,2,16,48.4,46,4.8,27.1,5.6,63,5.0,314,2,7
219,Marquise Goodwin,CHI,31,WR,14,2,40,20,313,15.7,1,12,45.0,50,1.4,22.4,50.0%,7.8,2,-1,0,0,0.0,1,-0.5,-0.1,0.1,22,14.2,312,1,1
220,Taylor Heinicke,WAS,28,QB,16,15,1,1,-2,-2.0,0,0,0.0,-2,0.1,-0.1,100.0%,-2.0,60,313,1,20,46.7,38,5.2,19.6,3.8,61,5.1,311,1,7
221,Chester Rogers,TEN,27,WR,16,2,43,30,301,10.0,1,12,44.2,39,1.9,18.8,69.8%,7.0,1,9,0,0,100.0,9,9.0,0.6,0.1,31,10.0,310,1,4
222,Jack Doyle,IND,31,TE,17,14,43,29,302,10.4,3,18,53.5,34,1.7,17.8,67.4%,7.0,,,0,0,,,,,,29,10.4,302,3,
223,Justin Herbert*,LAC,23,QB,17,17,,,,,0,0,,,,,,,63,302,3,28,58.7,36,4.8,17.8,3.7,63,4.8,302,3,1
224,James Washington,PIT,25,WR,15,2,44,24,285,11.9,2,9,38.6,42,1.6,19.0,54.5%,6.5,2,13,0,0,50.0,12,6.5,0.9,0.1,26,11.5,298,2,
225,Tyler Huntley,BAL,23,QB,7,4,,,,,0,0,,,,,,,47,294,2,22,55.3,21,6.3,42.0,6.7,47,6.3,294,2,4
226,Phillip Lindsay,2TM,27,RB,14,1,5,4,45,11.3,1,1,80.0,22,0.3,3.2,80.0%,9.0,88,249,1,11,37.5,35,2.8,17.8,6.3,92,3.2,294,2,
227,Ray-Ray McCloud,PIT,25,WR,16,5,66,39,277,7.1,0,18,34.8,24,2.4,17.3,59.1%,4.2,2,15,0,0,100.0,10,7.5,0.9,0.1,41,7.1,292,0,4
228,Anthony Firkser,TEN,26,FB,15,1,43,34,291,8.6,2,15,55.8,24,2.3,19.4,79.1%,6.8,,,0,0,,,,,,34,8.6,291,2,2
229,Jauan Jennings,SFO,24,WR,16,1,38,24,282,11.8,5,15,50.0,34,1.5,17.6,63.2%,7.4,,,0,0,,,,,,24,11.8,282,5,1
230,Craig Reynolds,DET,25,RB,5,2,8,7,52,7.4,0,3,62.5,14,1.4,10.4,87.5%,6.5,55,230,0,11,43.6,35,4.2,46.0,11.0,62,4.5,282,0,
231,Calvin Ridley,ATL,27,WR,5,5,52,31,281,9.1,2,16,46.2,22,6.2,56.2,59.6%,5.4,,,0,0,,,,,,31,9.1,281,2,
232,Peyton Barber,LVR,27,RB,10,1,13,10,67,6.7,0,3,30.8,23,1.0,6.7,76.9%,5.2,55,212,2,12,47.3,27,3.9,21.2,5.5,65,4.3,279,2,2
233,Rashard Higgins,CLE,27,WR,15,4,47,24,275,11.5,1,16,46.8,21,1.6,18.3,51.1%,5.9,,,0,0,,,,,,24,11.5,275,1,
234,DeeJay Dallas,SEA,23,RB,17,0,23,21,133,6.3,0,4,56.5,29,1.2,7.8,91.3%,5.8,33,138,2,10,57.6,15,4.2,8.1,1.9,54,5.0,271,2,1
235,Ricky Seals-Jones,WAS,26,TE,13,6,49,30,271,9.0,2,14,40.8,39,2.3,20.8,61.2%,5.5,,,0,0,,,,,,30,9.0,271,2,
236,Ryan Tannehill,TEN,33,QB,17,17,,,,,0,0,,,,,,,55,270,7,33,65.5,28,4.9,15.9,3.2,55,4.9,270,7,10
237,Ty'Son Williams,BAL,25,RB,13,3,12,9,84,9.3,0,4,58.3,21,0.7,6.5,75.0%,7.0,35,185,1,7,45.7,35,5.3,14.2,2.7,44,6.1,269,1,1
238,Damien Williams,CHI,29,RB,12,2,23,16,103,6.4,1,3,30.4,23,1.3,8.6,69.6%,4.5,40,164,2,11,52.5,23,4.1,13.7,3.3,56,4.8,267,3,
239,Salvon Ahmed,MIA,23,RB,12,0,19,12,117,9.8,0,4,63.2,18,1.0,9.8,63.2%,6.2,54,149,0,8,29.6,16,2.8,12.4,4.5,66,4.0,266,0,
Rk,Player,Tm,Age,Pos,G,GS,Tgt,Rec,Yds,Y/R,TD,1D,Succ%,Lng,R/G,Y/G,Ctch%,Y/Tgt,Att,Yds,TD,1D,Succ%,Lng,Y/A,Y/G,A/G,Touch,Y/Tch,YScm,RRTD,Fmb
240,Demarcus Robinson,KAN,27,WR,17,10,41,25,264,10.6,3,13,43.9,33,1.5,15.5,61.0%,6.4,,,0,0,,,,,,25,10.6,264,3,
241,Adam Trautman,NOR,24,TE,13,10,43,27,263,9.7,2,13,46.5,32,2.1,20.2,62.8%,6.1,,,0,0,,,,,,27,9.7,263,2,1
242,Chris Carson,SEA,27,RB,4,4,6,6,29,4.8,0,1,66.7,16,1.5,7.3,100.0%,4.8,54,232,3,11,55.6,33,4.3,58.0,13.5,60,4.4,261,3,1
243,Ryan Griffin,NYJ,31,TE,14,12,42,27,261,9.7,2,14,50.0,29,1.9,18.6,64.3%,6.2,,,0,0,,,,,,27,9.7,261,2,1
244,Kyle Rudolph,NYG,32,TE,16,13,39,26,257,9.9,1,12,53.8,60,1.6,16.1,66.7%,6.6,,,0,0,,,,,,26,9.9,257,1,
245,Dare Ogunbowale,JAX,27,RB,17,2,21,13,114,8.8,1,3,33.3,28,0.8,6.7,61.9%,5.4,43,137,1,5,37.2,12,3.2,8.1,2.5,56,4.5,251,2,
246,Brandon Zylstra,CAR,28,WR,13,3,25,18,250,13.9,1,10,60.0,55,1.4,19.2,72.0%,10.0,,,0,0,,,,,,18,13.9,250,1,
247,John Bates,WAS,24,TE,17,8,25,20,249,12.5,1,11,68.0,32,1.2,14.6,80.0%,10.0,,,0,0,,,,,,20,12.5,249,1,1
248,Lil'Jordan Humphrey,NOR,23,WR,10,4,18,13,249,19.2,2,9,66.7,56,1.3,24.9,72.2%,13.8,,,0,0,,,,,,13,19.2,249,2,
249,Danny Amendola,HOU,36,WR,8,0,38,24,248,10.3,3,10,47.4,39,3.0,31.0,63.2%,6.5,,,0,0,,,,,,24,10.3,248,3,1
250,Royce Freeman,2TM,25,RB,15,0,16,10,77,7.7,0,4,56.3,12,0.7,5.1,62.5%,4.8,56,169,0,8,44.6,13,3.0,11.3,3.7,66,3.7,246,0,
251,Cameron Brate,TAM,30,TE,17,3,57,30,245,8.2,4,15,43.9,18,1.8,14.4,52.6%,4.3,,,0,0,,,,,,30,8.2,245,4,
252,Josiah Deguara,GNB,24,TE,16,2,33,25,245,9.8,2,9,48.5,62,1.6,15.3,75.8%,7.4,,,0,0,,,,,,25,9.8,245,2,
253,James O'Shaughnessy,JAX,29,TE,7,6,34,24,244,10.2,0,10,52.9,30,3.4,34.9,70.6%,7.2,,,0,0,,,,,,24,10.2,244,0,
254,John Ross,NYG,26,WR,10,1,20,11,224,20.4,1,8,55.0,51,1.1,22.4,55.0%,11.2,1,16,0,1,100.0,16,16.0,1.6,0.1,12,20.0,240,1,1
255,Tavon Austin,JAX,31,WR,13,3,37,24,213,8.9,1,11,45.9,25,1.8,16.4,64.9%,5.8,3,21,0,1,100.0,8,7.0,1.6,0.2,27,8.7,234,1,1
256,Harrison Bryant,CLE,23,TE,16,3,28,21,233,11.1,3,14,64.3,41,1.3,14.6,75.0%,8.3,,,0,0,,,,,,21,11.1,233,3,
257,Will Dissly,SEA,25,TE,15,14,26,21,231,11.0,1,11,61.5,39,1.4,15.4,80.8%,8.9,,,0,0,,,,,,21,11.0,231,1,1
258,Cam Newton,CAR,32,QB,8,5,,,,,0,0,,,,,,,47,230,5,20,55.3,33,4.9,28.8,5.9,47,4.9,230,5,4
259,Tajae Sharpe,ATL,27,WR,15,7,37,25,230,9.2,0,14,48.6,17,1.7,15.3,67.6%,6.2,,,0,0,,,,,,25,9.2,230,0,
260,Albert Wilson,MIA,29,WR,14,5,39,25,213,8.5,0,10,41.0,64,1.8,15.2,64.1%,5.5,4,17,0,1,50.0,14,4.3,1.2,0.3,29,7.9,230,0,
261,Chris Evans,CIN,24,RB,14,1,17,15,151,10.1,2,6,58.8,24,1.1,10.8,88.2%,8.9,17,77,0,3,41.2,13,4.5,5.5,1.2,32,7.1,228,2,
262,Chris Moore,HOU,28,WR,12,1,22,21,227,10.8,2,6,54.5,67,1.8,18.9,95.5%,10.3,,,0,0,,,,,,21,10.8,227,2,
263,Cyril Grayson,TAM,28,WR,5,3,12,10,212,21.2,2,8,83.3,62,2.0,42.4,83.3%,17.7,1,14,0,1,100.0,14,14.0,2.8,0.2,11,20.5,226,2,
264,Jamycal Hasty,SFO,25,RB,11,0,29,23,157,6.8,0,7,51.7,23,2.1,14.3,79.3%,5.4,16,68,1,6,43.8,21,4.3,6.2,1.5,39,5.8,225,1,2
265,Isaiah McKenzie,BUF,26,WR,15,2,26,20,178,8.9,1,13,61.5,28,1.3,11.9,76.9%,6.8,9,47,1,4,55.6,10,5.2,3.1,0.6,29,7.8,225,2,2
266,Mack Hollins,MIA,28,WR,17,3,28,14,223,15.9,4,11,46.4,65,0.8,13.1,50.0%,8.0,,,0,0,,,,,,14,15.9,223,4,
267,Sam Darnold,CAR,24,QB,12,11,,,,,0,0,,,,,,,48,222,5,20,60.4,30,4.6,18.5,4.0,48,4.6,222,5,9
268,Hayden Hurst,ATL,28,TE,13,5,31,26,221,8.5,3,11,58.1,33,2.0,17.0,83.9%,7.1,,,0,0,,,,,,26,8.5,221,3,3
269,Cam Sims,WAS,25,WR,14,3,23,15,211,14.1,2,11,60.9,43,1.1,15.1,65.2%,9.2,1,7,0,0,100.0,7,7.0,0.5,0.1,16,13.6,218,2,
Rk,Player,Tm,Age,Pos,G,GS,Tgt,Rec,Yds,Y/R,TD,1D,Succ%,Lng,R/G,Y/G,Ctch%,Y/Tgt,Att,Yds,TD,1D,Succ%,Lng,Y/A,Y/G,A/G,Touch,Y/Tch,YScm,RRTD,Fmb
270,Jordan Akins,HOU,29,TE,13,3,33,24,214,8.9,0,11,57.6,31,1.8,16.5,72.7%,6.5,1,3,0,1,100.0,3,3.0,0.2,0.1,25,8.7,217,0,2
271,Carson Wentz,IND,29,QB,17,17,,,,,0,0,,,,,,,57,215,1,21,49.1,18,3.8,12.6,3.4,57,3.8,215,1,8
272,Marcedes Lewis,GNB,37,TE,17,17,28,23,214,9.3,0,10,57.1,23,1.4,12.6,82.1%,7.6,,,0,0,,,,,,23,9.3,214,0,1
273,Geoff Swaim,TEN,28,TE,16,16,40,31,210,6.8,3,12,52.5,26,1.9,13.1,77.5%,5.3,,,0,0,,,,,,31,6.8,210,3,
274,Antoine Wesley,ARI,24,WR,15,4,32,19,208,10.9,3,9,46.9,33,1.3,13.9,59.4%,6.5,,,0,0,,,,,,19,10.9,208,3,
275,Ke'Shawn Vaughn,TAM,24,RB,12,1,8,4,26,6.5,0,1,50.0,8,0.3,2.2,50.0%,3.3,36,180,2,9,50.0,55,5.0,15.0,3.0,40,5.2,206,2,
276,Ashton Dulin,IND,24,WR,17,1,22,13,173,13.3,2,9,45.5,62,0.8,10.2,59.1%,7.9,3,32,0,1,33.3,37,10.7,1.9,0.2,16,12.8,205,2,
277,Demetric Felton,CLE,23,WR,16,2,21,18,181,10.1,2,10,57.1,33,1.1,11.3,85.7%,8.6,7,24,0,0,28.6,12,3.4,1.5,0.4,25,8.2,205,2,4
278,Quintez Cephus,DET,23,WR,5,3,22,15,204,13.6,2,9,54.5,46,3.0,40.8,68.2%,9.3,,,0,0,,,,,,15,13.6,204,2,
279,Robert Tonyan,GNB,27,TE,8,5,29,18,204,11.3,2,10,44.8,33,2.3,25.5,62.1%,7.0,,,0,0,,,,,,18,11.3,204,2,
280,James Proche,BAL,25,WR,14,0,20,16,202,12.6,0,10,80.0,32,1.1,14.4,80.0%,10.1,,,0,0,,,,,,16,12.6,202,0,
281,Matt Breida,BUF,26,RB,9,0,9,7,72,10.3,2,4,66.7,23,0.8,8.0,77.8%,8.0,26,125,1,5,65.4,28,4.8,13.9,2.9,33,6.0,197,3,1
282,Logan Thomas,WAS,30,TE,6,6,25,18,196,10.9,3,10,64.0,35,3.0,32.7,72.0%,7.8,,,0,0,,,,,,18,10.9,196,3,1
283,Trey Sermon,SFO,22,RB,9,2,4,3,26,8.7,0,1,25.0,23,0.3,2.9,75.0%,6.5,41,167,1,9,56.1,16,4.1,18.6,4.6,44,4.4,193,1,
284,Maxx Williams,ARI,27,TE,5,5,17,16,193,12.1,1,9,88.2,34,3.2,38.6,94.1%,11.4,,,0,0,,,,,,16,12.1,193,1,
285,Tommy Tremble,CAR,21,TE,16,11,35,20,180,9.0,1,10,40.0,30,1.3,11.3,57.1%,5.1,3,11,1,1,66.7,7,3.7,0.7,0.2,23,8.3,191,2,
286,Donald Parham,LAC,24,TE,14,9,27,20,190,9.5,3,13,55.6,22,1.4,13.6,74.1%,7.0,,,0,0,,,,,,20,9.5,190,3,
287,Ian Thomas,CAR,25,TE,17,13,30,18,188,10.4,0,6,43.3,41,1.1,11.1,60.0%,6.3,,,0,0,,,,,,18,10.4,188,0,
288,Zach Wilson,NYJ,22,QB,13,13,1,0,0,,0,0,0.0,0,0.0,0.0,0.0%,0.0,29,185,4,10,44.8,52,6.4,14.2,2.2,29,6.4,185,4,5
289,Noah Brown,DAL,25,WR,13,1,25,16,184,11.5,0,6,52.0,27,1.2,14.2,64.0%,7.4,,,0,0,,,,,,16,11.5,184,0,
290,N'Keal Harry,NWE,24,WR,12,4,22,12,184,15.3,0,7,50.0,43,1.0,15.3,54.5%,8.4,,,0,0,,,,,,12,15.3,184,0,1
291,Russell Wilson*,SEA,33,QB,14,14,,,,,0,0,,,,,,,43,183,2,17,44.2,17,4.3,13.1,3.1,43,4.3,183,2,6
292,Giovani Bernard,TAM,30,RB,12,0,29,23,123,5.3,3,8,44.8,32,1.9,10.3,79.3%,4.2,8,58,0,3,62.5,24,7.3,4.8,0.7,31,5.8,181,3,1
293,Godwin Igwebuike,DET,27,RB,17,1,10,7,60,8.6,0,4,40.0,18,0.4,3.5,70.0%,6.0,18,118,1,7,61.1,42,6.6,6.9,1.1,25,7.1,178,1,2
294,Brevin Jordan,HOU,21,TE,9,2,28,20,178,8.9,3,10,53.6,27,2.2,19.8,71.4%,6.4,,,0,0,,,,,,20,8.9,178,3,
295,Mohamed Sanu,SFO,32,WR,8,0,24,15,177,11.8,0,12,54.2,21,1.9,22.1,62.5%,7.4,,,0,0,,,,,,15,11.8,177,0,
296,Kendall Hinton,DEN,24,WR,16,1,23,15,175,11.7,1,10,65.2,40,0.9,10.9,65.2%,7.6,,,0,0,,,,,,15,11.7,175,1,
297,Anthony Schwartz,CLE,21,WR,14,2,23,10,135,13.5,1,6,34.8,44,0.7,9.6,43.5%,5.9,6,39,0,4,66.7,17,6.5,2.8,0.4,16,10.9,174,1,
298,Tyler Kroft,NYJ,29,TE,9,6,25,16,173,10.8,1,9,48.0,26,1.8,19.2,64.0%,6.9,,,0,0,,,,,,16,10.8,173,1,
299,Pharaoh Brown,HOU,27,TE,15,12,34,23,171,7.4,0,6,35.3,29,1.5,11.4,67.6%,5.0,,,0,0,,,,,,23,7.4,171,0,1
Rk,Player,Tm,Age,Pos,G,GS,Tgt,Rec,Yds,Y/R,TD,1D,Succ%,Lng,R/G,Y/G,Ctch%,Y/Tgt,Att,Yds,TD,1D,Succ%,Lng,Y/A,Y/G,A/G,Touch,Y/Tch,YScm,RRTD,Fmb
300,Tony Jones,NOR,24,RB,11,4,8,5,29,5.8,0,2,50.0,19,0.5,2.6,62.5%,3.6,54,142,0,7,37.0,11,2.6,12.9,4.9,59,2.9,171,0,
301,Corey Clement,DAL,27,RB,17,0,7,6,29,4.8,1,1,28.6,8,0.4,1.7,85.7%,4.1,33,140,0,7,42.4,38,4.2,8.2,1.9,39,4.3,169,1,
302,Jerick McKinnon,KAN,29,RB,13,0,20,13,107,8.2,1,6,45.0,14,1.0,8.2,65.0%,5.4,12,62,0,2,58.3,18,5.2,4.8,0.9,25,6.8,169,1,
303,Trey Lance,SFO,21,QB,6,2,,,,,0,0,,,,,,,38,168,1,8,42.1,15,4.4,28.0,6.3,38,4.4,168,1,
304,Zach Gentry,PIT,25,TE,17,12,25,19,167,8.8,0,11,48.0,25,1.1,9.8,76.0%,6.7,,,0,0,,,,,,19,8.8,167,0,
305,Jimmy Graham,CHI,35,TE,15,6,23,14,167,11.9,3,10,47.8,28,0.9,11.1,60.9%,7.3,,,0,0,,,,,,14,11.9,167,3,
306,Jameis Winston,NOR,27,QB,7,7,,,,,0,0,,,,,,,32,166,1,17,56.3,20,5.2,23.7,4.6,32,5.2,166,1,2
307,Stephen Anderson,LAC,28,TE,17,4,19,16,165,10.3,1,9,63.2,34,0.9,9.7,84.2%,8.7,,,0,0,,,,,,16,10.3,165,1,
308,Jakeem Grant*,2TM,29,WR,15,0,17,11,132,12.0,2,7,47.1,46,0.7,8.8,64.7%,7.8,5,33,0,2,60.0,13,6.6,2.2,0.3,16,10.3,165,2,3
309,Breshad Perriman,TAM,28,WR,6,0,18,11,167,15.2,1,5,50.0,58,1.8,27.8,61.1%,9.3,1,-3,0,0,0.0,-3,-3.0,-0.5,0.2,12,13.7,164,1,
310,Parris Campbell,IND,24,WR,6,3,20,10,162,16.2,1,7,35.0,51,1.7,27.0,50.0%,8.1,,,0,0,,,,,,10,16.2,162,1,
311,Dyami Brown,WAS,22,WR,15,6,25,12,165,13.8,0,6,36.0,48,0.8,11.0,48.0%,6.6,1,-4,0,0,0.0,-4,-4.0,-0.3,0.1,13,12.4,161,0,
312,Isaiah Ford,MIA,25,WR,13,2,17,12,161,13.4,2,7,52.9,52,0.9,12.4,70.6%,9.5,,,0,0,,,,,,12,13.4,161,2,
313,Eno Benjamin,ARI,22,RB,9,0,7,6,42,7.0,0,4,71.4,12,0.7,4.7,85.7%,6.0,34,118,1,4,41.2,21,3.5,13.1,3.8,40,4.0,160,1,
314,C.J. Ham,MIN,28,FB,17,8,18,17,125,7.4,0,6,55.6,27,1.0,7.4,94.4%,6.9,7,34,0,3,42.9,30,4.9,2.0,0.4,24,6.6,159,0,
315,Juwan Johnson,NOR,25,WR,14,2,22,13,159,12.2,4,12,54.5,27,0.9,11.4,59.1%,7.2,,,0,0,,,,,,13,12.2,159,4,
316,Marcus Johnson,TEN,27,WR,7,3,19,9,160,17.8,0,7,42.1,50,1.3,22.9,47.4%,8.4,2,-2,0,1,50.0,5,-1.0,-0.3,0.3,11,14.4,158,0,
317,KhaDarel Hodge,DET,26,WR,16,1,27,13,157,12.1,0,7,40.7,42,0.8,9.8,48.1%,5.8,,,0,0,,,,,,13,12.1,157,0,
318,DJ Chark,JAX,25,WR,4,4,22,7,154,22.0,2,7,31.8,41,1.8,38.5,31.8%,7.0,,,0,0,,,,,,7,22.0,154,2,
319,Tyrod Taylor,HOU,32,QB,6,6,,,,,0,0,,,,,,,19,151,3,6,52.6,30,7.9,25.2,3.2,19,7.9,151,3,3
320,Malik Turner,DAL,25,WR,14,0,16,12,149,12.4,3,8,62.5,61,0.9,10.6,75.0%,9.3,,,0,0,,,,,,12,12.4,149,3,
321,Dak Prescott,DAL,28,QB,16,16,,,,,0,0,,,,,,,48,146,1,7,27.1,21,3.0,9.1,3.0,48,3.0,146,1,14
322,Baker Mayfield,CLE,26,QB,14,14,0,0,11,,0,0,,,0.0,0.8,0.0%,,37,134,1,12,48.6,14,3.6,9.6,2.6,37,3.9,145,1,6
323,MyCole Pruitt,TEN,29,TE,16,9,18,14,145,10.4,3,10,72.2,22,0.9,9.1,77.8%,8.1,,,0,0,,,,,,14,10.4,145,3,
324,Joshua Kelley,LAC,24,RB,10,0,6,5,38,7.6,0,1,50.0,17,0.5,3.8,83.3%,6.3,33,102,0,5,30.3,14,3.1,10.2,3.3,38,3.7,140,0,1
325,Ty Montgomery,NOR,28,WR,14,3,26,16,95,5.9,0,5,38.5,21,1.1,6.8,61.5%,3.7,15,44,0,2,33.3,9,2.9,3.1,1.1,31,4.5,139,0,
326,Terrace Marshall Jr.,CAR,21,WR,13,3,30,17,138,8.1,0,7,36.7,23,1.3,10.6,56.7%,4.6,,,0,0,,,,,,17,8.1,138,0,
327,JuJu Smith-Schuster,PIT,25,WR,5,5,28,15,129,8.6,0,6,39.3,24,3.0,25.8,53.6%,4.6,3,9,1,1,33.3,3,3.0,1.8,0.6,18,7.7,138,1,
328,Malcolm Brown,MIA,28,RB,7,3,5,3,10,3.3,0,0,40.0,7,0.4,1.4,60.0%,2.0,33,125,1,6,51.5,24,3.8,17.9,4.7,36,3.8,135,1,
329,O.J. Howard,TAM,27,TE,17,9,21,14,135,9.6,1,10,61.9,21,0.8,7.9,66.7%,6.4,,,0,0,,,,,,14,9.6,135,1,
Rk,Player,Tm,Age,Pos,G,GS,Tgt,Rec,Yds,Y/R,TD,1D,Succ%,Lng,R/G,Y/G,Ctch%,Y/Tgt,Att,Yds,TD,1D,Succ%,Lng,Y/A,Y/G,A/G,Touch,Y/Tch,YScm,RRTD,Fmb
330,Denzel Mims,NYJ,24,WR,11,3,23,8,133,16.6,0,5,34.8,40,0.7,12.1,34.8%,5.8,,,0,0,,,,,,8,16.6,133,0,
331,Ben Skowronek,LAR,24,WR,14,1,20,11,133,12.1,0,7,40.0,35,0.8,9.5,55.0%,6.7,,,0,0,,,,,,11,12.1,133,0,
332,Nick Vannett,NOR,28,TE,7,2,15,9,133,14.8,1,7,60.0,30,1.3,19.0,60.0%,8.9,,,0,0,,,,,,9,14.8,133,1,
333,James White,NWE,29,RB,3,0,14,12,94,7.8,0,5,42.9,28,4.0,31.3,85.7%,6.7,10,38,1,4,60.0,10,3.8,12.7,3.3,22,6.0,132,1,
334,Le'Veon Bell,2TM,29,RB,8,0,7,5,30,6.0,1,3,42.9,15,0.6,3.8,71.4%,4.3,39,101,2,9,46.2,12,2.6,12.6,4.9,44,3.0,131,3,
335,Mac Jones*,NWE,23,QB,17,17,,,,,0,0,,,,,,,44,129,0,22,52.3,13,2.9,7.6,2.6,44,2.9,129,0,7
336,Elijhaa Penny,NYG,28,RB,17,3,13,9,30,3.3,1,4,30.8,16,0.5,1.8,69.2%,2.3,24,99,1,9,50.0,12,4.1,5.8,1.4,33,3.9,129,2,
337,Tua Tagovailoa,MIA,23,QB,13,12,,,,,0,0,,,,,,,42,128,3,13,40.5,23,3.0,9.8,3.2,42,3.0,128,3,9
338,Wayne Gallman,2TM,27,RB,8,0,3,1,21,21.0,0,1,33.3,21,0.1,2.6,33.3%,7.0,28,104,0,5,35.7,17,3.7,13.0,3.5,29,4.3,125,0,
339,D'Wayne Eskridge,SEA,24,WR,10,0,20,10,64,6.4,1,4,30.0,17,1.0,6.4,50.0%,3.2,4,59,0,2,100.0,30,14.8,5.9,0.4,14,8.8,123,1,
340,Joe Burrow,CIN,25,QB,16,16,,,,,0,0,,,,,,,40,118,2,14,40.0,12,3.0,7.4,2.5,40,3.0,118,2,5
341,Qadree Ollison,ATL,25,RB,8,0,6,4,12,3.0,0,1,33.3,8,0.5,1.5,66.7%,2.0,21,105,1,7,52.4,19,5.0,13.1,2.6,25,4.7,117,1,1
342,Brock Wright,DET,23,TE,10,5,17,12,117,9.8,2,6,47.1,36,1.2,11.7,70.6%,6.9,,,0,0,,,,,,12,9.8,117,2,
343,Ihmir Smith-Marsette,MIN,22,WR,8,1,6,5,116,23.2,2,4,83.3,44,0.6,14.5,83.3%,19.3,,,0,0,,,,,,5,23.2,116,2,
344,Kirk Cousins*,MIN,33,QB,16,16,,,,,0,0,,,,,,,29,115,1,8,48.3,29,4.0,7.2,1.8,29,4.0,115,1,12
345,Jalen Richard,LVR,28,RB,10,0,14,12,72,6.0,0,4,64.3,19,1.2,7.2,85.7%,5.1,9,40,0,3,44.4,23,4.4,4.0,0.9,21,5.3,112,0,
346,Jeff Smith,NYJ,24,WR,12,3,17,8,113,14.1,0,6,35.3,35,0.7,9.4,47.1%,6.6,1,-1,0,0,0.0,-1,-1.0,-0.1,0.1,9,12.4,112,0,
347,Equanimeous St. Brown,GNB,25,WR,13,2,17,9,98,10.9,0,6,47.1,26,0.7,7.5,52.9%,5.8,3,14,0,2,66.7,13,4.7,1.1,0.2,12,9.3,112,0,
348,Benny Snell Jr.,PIT,23,RB,17,0,4,2,13,6.5,0,0,25.0,7,0.1,0.8,50.0%,3.3,36,98,0,3,30.6,9,2.7,5.8,2.1,38,2.9,111,0,
349,Phillip Dorsett,3TM,28,WR,6,0,14,7,110,15.7,0,3,42.9,36,1.2,18.3,50.0%,7.9,1,0,0,0,0.0,0,0.0,0.0,0.2,8,13.8,110,0,
350,Adam Shaheen,MIA,27,TE,12,7,16,12,110,9.2,0,5,62.5,21,1.0,9.2,75.0%,6.9,,,0,0,,,,,,12,9.2,110,0,
351,Austin Walter,NYJ,25,RB,4,0,3,2,9,4.5,0,1,33.3,11,0.5,2.3,66.7%,3.0,26,101,1,5,42.3,14,3.9,25.3,6.5,28,3.9,110,1,
352,Marlon Mack,IND,25,RB,6,0,5,2,8,4.0,0,0,20.0,7,0.3,1.3,40.0%,1.6,28,101,0,6,32.1,22,3.6,16.8,4.7,30,3.6,109,0,
353,Derek Carr,LVR,30,QB,17,17,,,,,0,0,,,,,,,40,108,0,9,40.0,22,2.7,6.4,2.4,40,2.7,108,0,13
354,Jonathan Williams,WAS,27,RB,5,0,6,4,28,7.0,0,2,33.3,19,0.8,5.6,66.7%,4.7,17,79,1,7,64.7,23,4.6,15.8,3.4,21,5.1,107,1,
355,Teddy Bridgewater,DEN,29,QB,14,14,,,,,0,0,,,,,,,30,106,2,16,60.0,13,3.5,7.6,2.1,30,3.5,106,2,1
356,Kylen Granson,IND,23,TE,17,0,15,11,106,9.6,0,4,60.0,27,0.6,6.2,73.3%,7.1,,,0,0,,,,,,11,9.6,106,0,
357,Adrian Peterson,2TM,36,RB,4,3,4,4,8,2.0,0,0,25.0,5,1.0,2.0,100.0%,2.0,38,98,2,6,42.1,16,2.6,24.5,9.5,42,2.5,106,2,1
358,Collin Johnson,NYG,24,WR,12,1,21,11,105,9.5,0,6,42.9,16,0.9,8.8,52.4%,5.0,,,0,0,,,,,,11,9.5,105,0,
359,Trinity Benson,DET,24,WR,8,2,22,10,103,10.3,0,4,36.4,24,1.3,12.9,45.5%,4.7,,,0,0,,,,,,10,10.3,103,0,
Rk,Player,Tm,Age,Pos,G,GS,Tgt,Rec,Yds,Y/R,TD,1D,Succ%,Lng,R/G,Y/G,Ctch%,Y/Tgt,Att,Yds,TD,1D,Succ%,Lng,Y/A,Y/G,A/G,Touch,Y/Tch,YScm,RRTD,Fmb
360,Shi Smith,CAR,23,WR,6,0,11,6,104,17.3,0,3,45.5,63,1.0,17.3,54.5%,9.5,1,-3,0,0,0.0,-3,-3.0,-0.5,0.2,7,14.4,101,0,
361,Blake Bell,KAN,30,TE,16,5,13,9,87,9.7,0,4,53.8,24,0.6,5.4,69.2%,6.7,4,10,0,4,100.0,3,2.5,0.6,0.3,13,7.5,97,0,
362,Jermar Jefferson,DET,21,RB,7,0,5,4,23,5.8,0,2,60.0,11,0.6,3.3,80.0%,4.6,15,74,2,4,53.3,28,4.9,10.6,2.1,19,5.1,97,2,
363,Aaron Rodgers*+,GNB,38,QB,16,16,1,1,-4,-4.0,0,0,0.0,-4,0.1,-0.3,100.0%,-4.0,33,101,3,10,36.4,18,3.1,6.3,2.1,34,2.9,97,3,3
364,Ryquell Armstead,JAX,25,RB,2,0,4,3,16,5.3,0,1,50.0,9,1.5,8.0,75.0%,4.0,15,80,0,3,60.0,26,5.3,40.0,7.5,18,5.3,96,0,
365,Blake Jarwin,DAL,27,TE,8,5,17,11,96,8.7,2,5,58.8,20,1.4,12.0,64.7%,5.6,,,0,0,,,,,,11,8.7,96,2,
366,Greg Ward,PHI,26,WR,17,0,11,7,95,13.6,3,4,54.5,27,0.4,5.6,63.6%,8.6,,,0,0,,,,,,7,13.6,95,3,
367,Patrick Taylor,GNB,23,RB,9,0,2,2,3,1.5,0,1,50.0,3,0.2,0.3,100.0%,1.5,23,89,1,5,60.9,12,3.9,9.9,2.6,25,3.7,92,1,
368,Jared Goff,DET,27,QB,14,14,,,,,0,0,,,,,,,17,87,0,4,29.4,26,5.1,6.2,1.2,17,5.1,87,0,9
369,Marcus Mariota,LVR,28,QB,10,0,,,,,0,0,,,,,,,13,87,1,6,76.9,31,6.7,8.7,1.3,13,6.7,87,1,1
370,Dante Pettis,NYG,26,WR,3,0,16,10,87,8.7,1,5,31.3,27,3.3,29.0,62.5%,5.4,,,0,0,,,,,,10,8.7,87,1,1
371,Trent Sherfield,SFO,25,WR,17,1,20,9,87,9.7,1,7,40.0,18,0.5,5.1,45.0%,4.4,,,0,0,,,,,,9,9.7,87,1,
372,Keith Smith,ATL,29,FB,17,8,10,9,56,6.2,0,3,60.0,11,0.5,3.3,90.0%,5.6,9,31,0,3,55.6,8,3.4,1.8,0.5,18,4.8,87,0,
373,Alec Ingold,LVR,25,FB,9,3,12,10,85,8.5,1,4,75.0,29,1.1,9.4,83.3%,7.1,2,1,0,1,50.0,1,0.5,0.1,0.2,12,7.2,86,1,
374,Larry Rountree,LAC,22,RB,12,0,2,1,-1,-1.0,0,0,0.0,0,0.1,-0.1,50.0%,-0.5,36,87,1,5,33.3,13,2.4,7.3,3.0,37,2.3,86,1,
375,Eric Ebron,PIT,28,TE,8,3,18,12,84,7.0,1,6,50.0,19,1.5,10.5,66.7%,4.7,1,1,1,1,100.0,1,1.0,0.1,0.1,13,6.5,85,2,
376,Dax Milne,WAS,22,WR,13,1,14,9,83,9.2,0,4,42.9,22,0.7,6.4,64.3%,5.9,1,1,0,0,0.0,1,1.0,0.1,0.1,10,8.4,84,0,1
377,Matt Ryan,ATL,36,QB,17,17,,,,,0,0,,,,,,,40,82,1,9,30.0,17,2.1,4.8,2.4,40,2.1,82,1,11
378,Tom Brady*,TAM,44,QB,17,17,,,,,0,0,,,,,,,28,81,2,14,53.6,13,2.9,4.8,1.6,28,2.9,81,2,4
379,Scott Miller,TAM,24,WR,9,0,9,5,38,7.6,0,2,33.3,13,0.6,4.2,55.6%,4.2,2,43,1,2,100.0,33,21.5,4.8,0.2,7,11.6,81,1,
380,Drew Sample,CIN,25,TE,17,8,15,11,81,7.4,0,3,40.0,19,0.6,4.8,73.3%,5.4,,,0,0,,,,,,11,7.4,81,0,
381,Preston Williams,MIA,24,WR,8,3,16,6,71,11.8,0,3,25.0,34,0.8,8.9,37.5%,4.4,1,7,0,0,100.0,7,7.0,0.9,0.1,7,11.1,78,0,
382,Andy Dalton,CHI,34,QB,8,6,,,,,0,0,,,,,,,16,76,0,2,50.0,14,4.8,9.5,2.0,16,4.8,76,0,1
383,KJ Hamler,DEN,22,WR,3,2,10,5,74,14.8,0,4,40.0,28,1.7,24.7,50.0%,7.4,,,0,0,,,,,,5,14.8,74,0,
384,Chris Manhertz,JAX,29,TE,17,10,9,6,71,11.8,1,4,66.7,22,0.4,4.2,66.7%,7.9,,,0,0,,,,,,6,11.8,71,1,
385,Jacoby Brissett,MIA,29,QB,11,5,,,,,0,0,,,,,,,19,70,1,9,63.2,19,3.7,6.4,1.7,19,3.7,70,1,6
386,Kene Nwangwu,MIN,23,RB,11,0,5,4,9,2.3,0,0,20.0,6,0.4,0.8,80.0%,1.8,13,61,0,3,30.8,19,4.7,5.5,1.2,17,4.1,70,0,
387,Kenny Stills,NOR,29,WR,13,4,23,6,68,11.3,1,4,26.1,22,0.5,5.2,26.1%,3.0,1,1,0,0,0.0,1,1.0,0.1,0.1,7,9.9,69,1,
388,Dede Westbrook,MIN,28,WR,15,0,15,10,68,6.8,0,3,46.7,17,0.7,4.5,66.7%,4.5,,,0,0,,,,,,10,6.8,68,0,2
389,Patrick Ricard*,BAL,27,FB,13,11,13,8,63,7.9,1,3,38.5,22,0.6,4.8,61.5%,4.8,2,4,0,2,100.0,2,2.0,0.3,0.2,10,6.7,67,1,
Rk,Player,Tm,Age,Pos,G,GS,Tgt,Rec,Yds,Y/R,TD,1D,Succ%,Lng,R/G,Y/G,Ctch%,Y/Tgt,Att,Yds,TD,1D,Succ%,Lng,Y/A,Y/G,A/G,Touch,Y/Tch,YScm,RRTD,Fmb
390,Jonathan Ward,ARI,24,RB,13,0,4,3,34,11.3,0,1,50.0,23,0.2,2.6,75.0%,8.5,9,33,0,3,44.4,7,3.7,2.5,0.7,12,5.6,67,0,
391,Josh Oliver,BAL,24,TE,14,1,15,9,66,7.3,0,4,40.0,19,0.6,4.7,60.0%,4.4,,,0,0,,,,,,9,7.3,66,0,1
392,Jake Fromm,NYG,23,QB,3,2,,,,,0,0,,,,,,,8,65,0,4,62.5,27,8.1,21.7,2.7,8,8.1,65,0,2
393,Lee Smith,ATL,34,TE,16,6,11,9,65,7.2,1,3,54.5,22,0.6,4.1,81.8%,5.9,,,0,0,,,,,,9,7.2,65,1,
394,Ja'Marcus Bradley,CLE,25,WR,5,0,4,4,64,16.0,0,2,50.0,37,0.8,12.8,100.0%,16.0,,,0,0,,,,,,4,16.0,64,0,
395,Jesse James,CHI,27,TE,14,9,8,7,62,8.9,1,3,50.0,19,0.5,4.4,87.5%,7.8,,,0,0,,,,,,7,8.9,62,1,
396,Penny Hart,SEA,25,WR,17,0,12,7,59,8.4,0,3,41.7,16,0.4,3.5,58.3%,4.9,,,0,0,,,,,,7,8.4,59,0,
397,Juwann Winfree,GNB,25,WR,7,0,13,8,58,7.3,0,5,46.2,12,1.1,8.3,61.5%,4.5,,,0,0,,,,,,8,7.3,58,0,2
398,C.J. Board,NYG,28,WR,6,1,6,4,51,12.8,0,3,50.0,38,0.7,8.5,66.7%,8.5,1,6,0,0,100.0,6,6.0,1.0,0.2,5,11.4,57,0,
399,Mike Boone,DEN,26,RB,8,0,2,2,22,11.0,0,1,50.0,19,0.3,2.8,100.0%,11.0,4,35,0,2,50.0,16,8.8,4.4,0.5,6,9.5,57,0,
400,Michael Burton,KAN,29,RB,16,0,3,3,31,10.3,0,2,66.7,20,0.2,1.9,100.0%,10.3,8,26,1,8,100.0,7,3.3,1.6,0.5,11,5.2,57,1,
401,Luke Farrell,JAX,24,TE,15,4,11,7,56,8.0,0,3,54.5,21,0.5,3.7,63.6%,5.1,,,0,0,,,,,,7,8.0,56,0,1
402,Jason Moore,LAC,26,WR,2,1,4,3,56,18.7,0,3,75.0,24,1.5,28.0,75.0%,14.0,,,0,0,,,,,,3,18.7,56,0,
403,Amari Rodgers,GNB,22,WR,16,1,8,4,45,11.3,0,2,50.0,19,0.3,2.8,50.0%,5.6,1,11,0,1,100.0,11,11.0,0.7,0.1,5,11.2,56,0,2
404,Alex Erickson,CAR,29,WR,17,0,4,3,55,18.3,0,2,50.0,25,0.2,3.2,75.0%,13.8,,,0,0,,,,,,3,18.3,55,0,
405,Jacob Hollister,JAX,28,TE,7,2,14,9,55,6.1,1,2,57.1,11,1.3,7.9,64.3%,3.9,,,0,0,,,,,,9,6.1,55,1,
406,Trayveon Williams,CIN,24,RB,5,0,2,1,4,4.0,0,0,0.0,4,0.2,0.8,50.0%,2.0,15,51,0,4,53.3,10,3.4,10.2,3.0,16,3.4,55,0,
407,Jaelon Darden,TAM,22,WR,9,0,12,6,43,7.2,0,1,16.7,29,0.7,4.8,50.0%,3.6,1,11,0,1,100.0,11,11.0,1.2,0.1,7,7.7,54,0,
408,Tom Kennedy,DET,25,WR,12,0,10,6,54,9.0,0,2,50.0,15,0.5,4.5,60.0%,5.4,,,0,0,,,,,,6,9.0,54,0,
409,Drew Lock,DEN,25,QB,6,3,1,1,1,1.0,0,0,0.0,1,0.2,0.2,100.0%,1.0,10,53,2,5,50.0,23,5.3,8.8,1.7,11,4.9,54,2,2
410,Andre Roberts,2TM,33,WR,16,0,2,1,35,35.0,0,1,50.0,35,0.1,2.2,50.0%,17.5,3,19,0,0,100.0,9,6.3,1.2,0.2,4,13.5,54,0,3
411,Mason Rudolph,PIT,26,QB,2,1,,,,,0,0,,,,,,,5,53,0,3,60.0,26,10.6,26.5,2.5,5,10.6,53,0,1
412,Mike Thomas,CIN,27,WR,12,1,11,5,52,10.4,0,3,36.4,19,0.4,4.3,45.5%,4.7,,,0,0,,,,,,5,10.4,52,0,
413,Charlie Woerner,SFO,24,TE,17,3,6,5,52,10.4,0,3,50.0,27,0.3,3.1,83.3%,8.7,,,0,0,,,,,,5,10.4,52,0,
414,Ross Dwelley,SFO,26,TE,17,2,5,4,51,12.8,1,2,40.0,21,0.2,3.0,80.0%,10.2,,,0,0,,,,,,4,12.8,51,1,
415,Jimmy Garoppolo,SFO,30,QB,15,15,,,,,0,0,,,,,,,38,51,3,15,47.4,7,1.3,3.4,2.5,38,1.3,51,3,8
416,Jason Huntley,PHI,23,RB,1,0,1,0,0,,0,0,0.0,0,0.0,0.0,0.0%,0.0,13,51,0,2,30.8,18,3.9,51.0,13.0,13,3.9,51,0,
417,Dez Fitzpatrick,TEN,24,WR,4,0,8,5,49,9.8,1,4,50.0,18,1.3,12.3,62.5%,6.1,,,0,0,,,,,,5,9.8,49,1,
418,Rodney Smith,CAR,25,RB,2,0,5,5,48,9.6,0,2,100.0,17,2.5,24.0,100.0%,9.6,,,0,0,,,,,,5,9.6,48,0,
419,Antony Auclair,HOU,28,TE,16,13,5,5,47,9.4,1,2,100.0,15,0.3,2.9,100.0%,9.4,,,0,0,,,,,,5,9.4,47,1,
Rk,Player,Tm,Age,Pos,G,GS,Tgt,Rec,Yds,Y/R,TD,1D,Succ%,Lng,R/G,Y/G,Ctch%,Y/Tgt,Att,Yds,TD,1D,Succ%,Lng,Y/A,Y/G,A/G,Touch,Y/Tch,YScm,RRTD,Fmb
420,Jody Fortson,KAN,26,WR,6,0,5,5,47,9.4,2,3,80.0,27,0.8,7.8,100.0%,9.4,,,0,0,,,,,,5,9.4,47,2,
421,Eric Saubert,DEN,27,TE,17,4,12,8,47,5.9,1,2,58.3,11,0.5,2.8,66.7%,3.9,,,0,0,,,,,,8,5.9,47,1,
422,Wendell Smallwood,WAS,27,RB,3,0,5,4,22,5.5,0,0,40.0,7,1.3,7.3,80.0%,4.4,5,25,0,2,60.0,13,5.0,8.3,1.7,9,5.2,47,0,
423,Tre' McKitty,LAC,22,TE,11,4,8,6,45,7.5,0,3,62.5,12,0.5,4.1,75.0%,5.6,,,0,0,,,,,,6,7.5,45,0,
424,J.J. Taylor,NWE,23,RB,5,0,4,4,8,2.0,0,0,50.0,5,0.8,1.6,100.0%,2.0,19,37,2,3,21.1,15,1.9,7.4,3.8,23,2.0,45,2,1
425,Kalen Ballage,PIT,26,RB,17,0,7,2,8,4.0,0,0,14.3,6,0.1,0.5,28.6%,1.1,12,36,0,2,41.7,13,3.0,2.1,0.7,14,3.1,44,0,
426,Davis Mills,HOU,23,QB,13,11,,,,,0,0,,,,,,,18,44,0,5,38.9,11,2.4,3.4,1.4,18,2.4,44,0,5
427,Tommy Sweeney,BUF,26,TE,13,3,12,9,44,4.9,1,3,33.3,13,0.7,3.4,75.0%,3.7,,,0,0,,,,,,9,4.9,44,1,1
428,Darren Fells,2TM,35,TE,9,5,5,4,43,10.8,0,2,60.0,24,0.4,4.8,80.0%,8.6,,,0,0,,,,,,4,10.8,43,0,
429,Parker Hesse,ATL,26,DE,8,1,6,5,43,8.6,0,3,83.3,17,0.6,5.4,83.3%,7.2,,,0,0,,,,,,5,8.6,43,0,
430,Jakob Johnson,NWE,27,FB,17,6,5,4,43,10.8,0,2,60.0,29,0.2,2.5,80.0%,8.6,,,0,0,,,,,,4,10.8,43,0,
431,Matthew Stafford,LAR,33,QB,17,17,,,,,0,0,,,,,,,32,43,0,8,31.3,12,1.3,2.5,1.9,32,1.3,43,0,5
432,Geno Smith,SEA,31,QB,4,3,,,,,0,0,,,,,,,9,42,1,3,77.8,12,4.7,10.5,2.3,9,4.7,42,1,1
433,Kristian Wilkerson,NWE,24,WR,3,1,8,4,42,10.5,2,2,50.0,20,1.3,14.0,50.0%,5.3,,,0,0,,,,,,4,10.5,42,2,
434,Chris Hogan,NOR,34,WR,5,1,8,4,41,10.3,1,2,50.0,16,0.8,8.2,50.0%,5.1,,,0,0,,,,,,4,10.3,41,1,
435,Trent Taylor,CIN,27,WR,4,0,3,2,41,20.5,0,2,66.7,26,0.5,10.3,66.7%,13.7,,,0,0,,,,,,2,20.5,41,0,
436,Chris Herndon,MIN,25,FB,16,5,7,4,40,10.0,1,4,57.1,17,0.3,2.5,57.1%,5.7,,,0,0,,,,,,4,10.0,40,1,
437,Gunner Olszewski,NWE,25,WR,16,0,3,2,31,15.5,0,2,66.7,22,0.1,1.9,66.7%,10.3,1,9,0,0,100.0,9,9.0,0.6,0.1,3,13.3,40,0,3
438,Jason Cabinda,DET,25,LB,14,4,7,4,16,4.0,1,2,28.6,6,0.3,1.1,57.1%,2.3,3,23,0,2,66.7,21,7.7,1.6,0.2,7,5.6,39,1,
439,Greg Dortch,ARI,23,WR,5,2,3,3,15,5.0,0,0,66.7,10,0.6,3.0,100.0%,5.0,1,24,0,1,100.0,24,24.0,4.8,0.2,4,9.8,39,0,
440,Garrett Griffin,NOR,27,TE,13,6,4,4,39,9.8,0,2,75.0,14,0.3,3.0,100.0%,9.8,,,0,0,,,,,,4,9.8,39,0,1
441,Auden Tate,CIN,24,WR,7,0,4,3,39,13.0,1,3,75.0,18,0.4,5.6,75.0%,9.8,,,0,0,,,,,,3,13.0,39,1,
442,Curtis Samuel,WAS,25,WR,5,1,9,6,27,4.5,0,4,44.4,10,1.2,5.4,66.7%,3.0,4,11,0,0,50.0,8,2.8,2.2,0.8,10,3.8,38,0,
443,Willie Snead,2TM,29,WR,9,0,8,4,38,9.5,0,3,37.5,15,0.4,4.2,50.0%,4.8,,,0,0,,,,,,4,9.5,38,0,
444,Kevin White,NOR,29,WR,6,1,5,1,38,38.0,0,1,20.0,38,0.2,6.3,20.0%,7.6,,,0,0,,,,,,1,38.0,38,0,
445,Kendall Blanton,LAR,26,TE,11,2,7,4,37,9.3,0,2,28.6,23,0.4,3.4,57.1%,5.3,,,0,0,,,,,,4,9.3,37,0,1
446,Colt McCoy,ARI,35,QB,8,3,,,,,0,0,,,,,,,22,37,0,6,31.8,11,1.7,4.6,2.8,22,1.7,37,0,4
447,JJ Arcega-Whiteside,PHI,25,WR,16,2,5,2,36,18.0,0,2,40.0,23,0.1,2.3,40.0%,7.2,,,0,0,,,,,,2,18.0,36,0,
448,Pharoh Cooper,NYG,26,WR,8,0,11,4,33,8.3,0,1,18.2,15,0.5,4.1,36.4%,3.0,1,3,0,0,0.0,3,3.0,0.4,0.1,5,7.2,36,0,
449,Noah Gray,KAN,22,TE,16,1,10,7,36,5.1,1,2,40.0,8,0.4,2.3,70.0%,3.6,,,0,0,,,,,,7,5.1,36,1,
Rk,Player,Tm,Age,Pos,G,GS,Tgt,Rec,Yds,Y/R,TD,1D,Succ%,Lng,R/G,Y/G,Ctch%,Y/Tgt,Att,Yds,TD,1D,Succ%,Lng,Y/A,Y/G,A/G,Touch,Y/Tch,YScm,RRTD,Fmb
450,D.J. Montgomery,NYJ,25,WR,3,0,6,3,36,12.0,0,2,33.3,14,1.0,12.0,50.0%,6.0,,,0,0,,,,,,3,12.0,36,0,
451,Kenny Yeboah,NYJ,23,TE,9,0,3,2,36,18.0,0,2,66.7,24,0.2,4.0,66.7%,12.0,,,0,0,,,,,,2,18.0,36,0,
452,Tyler Davis,GNB,24,TE,14,0,5,4,35,8.8,0,1,60.0,22,0.3,2.5,80.0%,7.0,,,0,0,,,,,,4,8.8,35,0,
453,Trevon Wesco,NYJ,26,TE,12,7,5,3,35,11.7,0,2,60.0,19,0.3,2.9,60.0%,7.0,,,0,0,,,,,,3,11.7,35,0,
454,Dominique Dafney,GNB,24,TE,10,2,4,2,34,17.0,0,2,50.0,26,0.2,3.4,50.0%,8.5,,,0,0,,,,,,2,17.0,34,0,
455,Trenton Irwin,CIN,26,WR,7,0,5,2,34,17.0,0,1,20.0,25,0.3,4.9,40.0%,6.8,,,0,0,,,,,,2,17.0,34,0,
456,Seth Williams,DEN,21,WR,2,1,1,1,34,34.0,0,1,100.0,34,0.5,17.0,100.0%,34.0,,,0,0,,,,,,1,34.0,34,0,
457,Shane Zylstra,DET,25,TE,4,0,7,3,34,11.3,0,2,42.9,16,0.8,8.5,42.9%,4.9,,,0,0,,,,,,3,11.3,34,0,
458,Mike Glennon,NYG,32,QB,6,4,,,,,0,0,,,,,,,7,33,1,2,57.1,13,4.7,5.5,1.2,7,4.7,33,1,6
459,Cody Hollister,TEN,28,WR,3,1,7,4,33,8.3,0,4,57.1,14,1.3,11.0,57.1%,4.7,,,0,0,,,,,,4,8.3,33,0,
460,Colby Parkinson,SEA,22,TE,14,1,8,5,33,6.6,0,2,37.5,12,0.4,2.4,62.5%,4.1,,,0,0,,,,,,5,6.6,33,0,
461,Kaden Smith,NYG,24,TE,9,4,3,3,33,11.0,0,1,66.7,21,0.3,3.7,100.0%,11.0,,,0,0,,,,,,3,11.0,33,0,
462,Cody White,PIT,23,WR,15,0,6,5,33,6.6,0,3,83.3,11,0.3,2.2,83.3%,5.5,,,0,0,,,,,,5,6.6,33,0,
463,Josh Gordon,KAN,30,WR,12,7,14,5,32,6.4,1,3,28.6,11,0.4,2.7,35.7%,2.3,,,0,0,,,,,,5,6.4,32,1,
464,Tommy Hudson,TEN,24,TE,5,0,6,3,31,10.3,0,2,33.3,14,0.6,6.2,50.0%,5.2,,,0,0,,,,,,3,10.3,31,0,
465,Deon Jackson,IND,22,RB,9,0,,,,,0,0,,,,,,,13,31,1,2,30.8,10,2.4,3.4,1.4,13,2.4,31,1,
466,La'Mical Perine,NYJ,23,RB,4,0,,,,,0,0,,,,,,,8,31,0,1,25.0,14,3.9,7.8,2.0,8,3.9,31,0,
467,Jeremy Sprinkle,DAL,27,TE,17,4,3,3,31,10.3,0,2,100.0,11,0.2,1.8,100.0%,10.3,,,0,0,,,,,,3,10.3,31,0,
468,Cameron Batson,TEN,26,WR,4,0,5,2,15,7.5,1,2,40.0,13,0.5,3.8,40.0%,3.0,2,15,0,1,100.0,11,7.5,3.8,0.5,4,7.5,30,1,
469,K.J. Hill,LAC,24,CB,6,0,3,3,30,10.0,0,1,66.7,19,0.5,5.0,100.0%,10.0,,,0,0,,,,,,3,10.0,30,0,
470,Daniel Brown,NYJ,29,WR,12,0,2,2,29,14.5,0,1,50.0,24,0.2,2.4,100.0%,14.5,,,0,0,,,,,,2,14.5,29,0,
471,JaQuan Hardy,DAL,24,RB,3,0,,,,,0,0,,,,,,,4,29,1,1,50.0,22,7.3,9.7,1.3,4,7.3,29,1,
472,Kylin Hill,GNB,23,RB,8,0,2,1,5,5.0,0,0,50.0,5,0.1,0.6,50.0%,2.5,10,24,0,1,20.0,8,2.4,3.0,1.3,11,2.6,29,0,
473,Josh Johnson,2TM,35,QB,4,1,,,,,0,0,,,,,,,9,28,0,1,33.3,11,3.1,7.0,2.3,9,3.1,28,0,2
474,Jake Kumerow,BUF,29,WR,15,2,6,2,28,14.0,0,2,33.3,15,0.1,1.9,33.3%,4.7,,,0,0,,,,,,2,14.0,28,0,
475,C.J. Moore,DET,26,DB,17,1,,,,,0,0,,,,,,,1,28,0,1,100.0,28,28.0,1.6,0.1,1,28.0,28,0,
476,Dwayne Washington,NOR,27,RB,14,0,2,2,12,6.0,0,0,50.0,6,0.1,0.9,100.0%,6.0,4,16,0,0,50.0,5,4.0,1.1,0.3,6,4.7,28,0,
477,Jordan Love,GNB,23,QB,6,1,,,,,0,0,,,,,,,12,27,0,1,25.0,10,2.3,4.5,2.0,12,2.3,27,0,3
478,Sean McKeon,DAL,24,TE,9,2,6,4,27,6.8,1,2,33.3,12,0.4,3.0,66.7%,4.5,,,0,0,,,,,,4,6.8,27,1,
479,Will Fuller,MIA,27,WR,2,0,8,4,26,6.5,0,3,37.5,10,2.0,13.0,50.0%,3.3,,,0,0,,,,,,4,6.5,26,0,
Rk,Player,Tm,Age,Pos,G,GS,Tgt,Rec,Yds,Y/R,TD,1D,Succ%,Lng,R/G,Y/G,Ctch%,Y/Tgt,Att,Yds,TD,1D,Succ%,Lng,Y/A,Y/G,A/G,Touch,Y/Tch,YScm,RRTD,Fmb
480,Reggie Gilliam,BUF,24,FB,16,5,5,3,23,7.7,0,0,60.0,8,0.2,1.4,60.0%,4.6,3,3,0,0,0.0,2,1.0,0.2,0.2,6,4.3,26,0,
481,Mike Strachan,IND,24,WR,6,0,3,2,26,13.0,0,2,66.7,16,0.3,4.3,66.7%,8.7,,,0,0,,,,,,2,13.0,26,0,
482,Christian Blake,ATL,25,WR,16,0,9,4,25,6.3,0,2,33.3,8,0.3,1.6,44.4%,2.8,,,0,0,,,,,,4,6.3,25,0,
483,Anthony Miller,2TM,27,WR,3,1,12,6,25,4.2,1,3,25.0,10,2.0,8.3,50.0%,2.1,,,0,0,,,,,,6,4.2,25,1,
484,Gabe Nabers,LAC,24,FB,10,1,3,3,17,5.7,0,0,66.7,8,0.3,1.7,100.0%,5.7,3,8,0,1,66.7,4,2.7,0.8,0.3,6,4.2,25,0,
485,Marcus Kemp,KAN,26,WR,16,0,5,2,24,12.0,0,1,40.0,16,0.1,1.5,40.0%,4.8,,,0,0,,,,,,2,12.0,24,0,
486,Mitchell Trubisky,BUF,27,QB,6,0,,,,,0,0,,,,,,,13,24,1,3,23.1,22,1.8,4.0,2.2,13,1.8,24,1,
487,Dazz Newsome,CHI,22,WR,3,1,5,2,23,11.5,0,1,20.0,13,0.7,7.7,40.0%,4.6,,,0,0,,,,,,2,11.5,23,0,
488,Jaylen Samuels,HOU,25,RB,3,0,4,3,14,4.7,0,1,50.0,6,1.0,4.7,75.0%,3.5,5,9,0,0,0.0,3,1.8,3.0,1.7,8,2.9,23,0,
489,Tylan Wallace,BAL,22,WR,17,1,6,2,23,11.5,0,1,33.3,18,0.1,1.4,33.3%,3.8,,,0,0,,,,,,2,11.5,23,0,
490,Alex Armah,2TM,27,FB,11,2,1,1,1,1.0,1,1,100.0,1,0.1,0.1,100.0%,1.0,5,21,0,4,80.0,9,4.2,1.9,0.5,6,3.7,22,1,
491,Tyree Jackson,PHI,24,TE,9,3,7,3,22,7.3,1,2,42.9,13,0.3,2.4,42.9%,3.1,,,0,0,,,,,,3,7.3,22,1,
492,Case Keenum,CLE,33,QB,7,2,,,,,0,0,,,,,,,12,22,0,6,50.0,10,1.8,3.1,1.7,12,1.8,22,0,1
493,Scottie Phillips,HOU,24,RB,3,0,3,2,9,4.5,0,0,33.3,8,0.7,3.0,66.7%,3.0,6,13,0,1,33.3,4,2.2,4.3,2.0,8,2.8,22,0,
494,Jack Stoll,PHI,23,TE,16,5,5,4,22,5.5,0,0,40.0,9,0.3,1.4,80.0%,4.4,,,0,0,,,,,,4,5.5,22,0,
495,Garrett Bradbury,MIN,26,C,13,13,1,1,21,21.0,0,1,100.0,21,0.1,1.6,100.0%,21.0,,,0,0,,,,,,1,21.0,21,0,
496,Jesper Horsted,CHI,24,WR,7,0,3,2,21,10.5,2,2,66.7,19,0.3,3.0,66.7%,7.0,,,0,0,,,,,,2,10.5,21,2,
497,Patrick Laird,MIA,26,RB,6,0,3,3,17,5.7,0,2,66.7,10,0.5,2.8,100.0%,5.7,1,4,0,0,100.0,4,4.0,0.7,0.2,4,5.3,21,0,
498,Gardner Minshew II,PHI,25,QB,4,2,,,,,0,0,,,,,,,9,21,0,2,55.6,9,2.3,5.3,2.3,9,2.3,21,0,1
499,Dezmon Patmon,IND,23,WR,8,0,4,2,21,10.5,1,1,50.0,14,0.3,2.6,50.0%,5.3,,,0,0,,,,,,2,10.5,21,1,
500,Adam Prentice,NOR,24,FB,7,3,3,3,16,5.3,0,1,33.3,10,0.4,2.3,100.0%,5.3,3,5,0,2,66.7,2,1.7,0.7,0.4,6,3.5,21,0,
501,Nick Bawden,NYJ,25,RB,9,1,1,1,20,20.0,0,1,100.0,20,0.1,2.2,100.0%,20.0,,,0,0,,,,,,1,20.0,20,0,
502,Raheem Mostert,SFO,29,RB,1,1,,,,,0,0,,,,,,,2,20,0,1,100.0,11,10.0,20.0,2.0,2,10.0,20,0,
503,Trevor Siemian,NOR,30,QB,6,4,,,,,0,0,,,,,,,9,20,1,2,22.2,17,2.2,3.3,1.5,9,2.2,20,1,3
504,Darrynton Evans,TEN,23,RB,1,0,2,2,11,5.5,0,1,100.0,6,2.0,11.0,100.0%,5.5,2,7,0,0,0.0,5,3.5,7.0,2.0,4,4.5,18,0,
505,Davion Davis,HOU,25,WR,2,1,3,1,17,17.0,0,1,33.3,17,0.5,8.5,33.3%,5.7,,,0,0,,,,,,1,17.0,17,0,
506,Keith Kirkwood,CAR,27,WR,3,0,7,3,17,5.7,0,1,28.6,7,1.0,5.7,42.9%,2.4,,,0,0,,,,,,3,5.7,17,0,
507,Chris Myarick,NYG,26,TE,8,3,6,3,17,5.7,1,2,50.0,10,0.4,2.1,50.0%,2.8,,,0,0,,,,,,3,5.7,17,1,
508,Bobby Price,DET,23,DB,15,2,1,1,17,17.0,0,1,100.0,17,0.1,1.1,100.0%,17.0,,,0,0,,,,,,1,17.0,17,0,
509,David Sills,NYG,25,WR,4,1,6,2,17,8.5,0,1,33.3,12,0.5,4.3,33.3%,2.8,,,0,0,,,,,,2,8.5,17,0,
Rk,Player,Tm,Age,Pos,G,GS,Tgt,Rec,Yds,Y/R,TD,1D,Succ%,Lng,R/G,Y/G,Ctch%,Y/Tgt,Att,Yds,TD,1D,Succ%,Lng,Y/A,Y/G,A/G,Touch,Y/Tch,YScm,RRTD,Fmb
510,Reggie Bonnafon,CAR,25,RB,4,0,2,2,12,6.0,0,1,100.0,6,0.5,3.0,100.0%,6.0,1,4,0,0,100.0,4,4.0,1.0,0.3,3,5.3,16,0,
511,Cethan Carter,MIA,26,TE,16,1,2,2,16,8.0,0,0,100.0,8,0.1,1.0,100.0%,8.0,,,0,0,,,,,,2,8.0,16,0,
512,Tyron Johnson,2TM,25,WR,10,0,5,2,16,8.0,0,1,40.0,10,0.2,1.6,40.0%,3.2,,,0,0,,,,,,2,8.0,16,0,
513,Derek Watt,PIT,29,FB,17,4,3,3,15,5.0,0,0,33.3,9,0.2,0.9,100.0%,5.0,1,1,0,1,100.0,1,1.0,0.1,0.1,4,4.0,16,0,
514,Mitchell Wilcox,CIN,25,TE,15,1,5,3,16,5.3,0,0,20.0,8,0.2,1.1,60.0%,3.2,,,0,0,,,,,,3,5.3,16,0,
515,Trey Ragas,LVR,25,RB,1,0,2,2,6,3.0,0,0,50.0,4,2.0,6.0,100.0%,3.0,1,9,0,1,100.0,9,9.0,9.0,1.0,3,5.0,15,0,
516,Sean Chandler,CAR,25,SS,15,7,,,,,0,0,,,,,,,1,14,0,1,100.0,14,14.0,0.9,0.1,1,14.0,14,0,
517,Frank Darby,ATL,24,WR,10,0,4,1,14,14.0,0,1,25.0,14,0.1,1.4,25.0%,3.5,,,0,0,,,,,,1,14.0,14,0,
518,Sean Mannion,MIN,29,QB,1,1,,,,,0,0,,,,,,,2,14,0,2,100.0,11,7.0,14.0,2.0,2,7.0,14,0,
519,Anthony McFarland Jr.,PIT,22,RB,2,0,1,1,11,11.0,0,1,100.0,11,0.5,5.5,100.0%,11.0,3,3,0,0,0.0,3,1.0,1.5,1.5,4,3.5,14,0,
520,Stanley Morgan Jr.,CIN,25,WR,17,1,4,2,11,5.5,0,0,25.0,8,0.1,0.6,50.0%,2.8,1,3,0,0,100.0,3,3.0,0.2,0.1,3,4.7,14,0,
521,Malik Taylor,GNB,26,WR,10,0,3,2,14,7.0,0,1,66.7,7,0.2,1.4,66.7%,4.7,,,0,0,,,,,,2,7.0,14,0,1
522,Tyrell Williams,DET,29,WR,1,1,3,2,14,7.0,0,1,33.3,7,2.0,14.0,66.7%,4.7,,,0,0,,,,,,2,7.0,14,0,
523,Cam Akers,LAR,22,RB,1,0,3,3,10,3.3,0,0,0.0,6,3.0,10.0,100.0%,3.3,5,3,0,0,0.0,2,0.6,3.0,5.0,8,1.6,13,0,
524,Tim Boyle,DET,27,QB,5,3,,,,,0,0,,,,,,,2,13,0,1,50.0,14,6.5,2.6,0.4,2,6.5,13,0,1
525,Derek Carrier,LVR,31,TE,5,1,2,2,13,6.5,0,0,100.0,9,0.4,2.6,100.0%,6.5,,,0,0,,,,,,2,6.5,13,0,
526,Andy Isabella,ARI,25,WR,8,0,1,1,13,13.0,0,1,100.0,13,0.1,1.6,100.0%,13.0,,,0,0,,,,,,1,13.0,13,0,
527,John Kelly,CLE,25,RB,4,0,,,,,0,0,,,,,,,2,13,0,1,50.0,11,6.5,3.3,0.5,2,6.5,13,0,
528,Kirk Merritt,MIA,24,WR,2,0,3,1,13,13.0,0,1,33.3,13,0.5,6.5,33.3%,4.3,,,0,0,,,,,,1,13.0,13,0,
529,P.J. Walker,CAR,26,QB,5,1,,,,,0,0,,,,,,,7,13,0,2,42.9,13,1.9,2.6,1.4,7,1.9,13,0,3
530,Jacques Patrick,SFO,24,RB,2,0,,,,,0,0,,,,,,,2,12,0,1,100.0,8,6.0,6.0,1.0,2,6.0,12,0,
531,Johnny Stanton,CLE,27,RB,4,0,2,2,7,3.5,1,1,50.0,6,0.5,1.8,100.0%,3.5,3,5,0,2,66.7,3,1.7,1.3,0.8,5,2.4,12,1,
532,Luke Stocker,MIN,33,TE,12,0,2,2,12,6.0,0,0,100.0,7,0.2,1.0,100.0%,6.0,,,0,0,,,,,,2,6.0,12,0,
533,Kyle Allen,WAS,25,QB,2,0,,,,,0,0,,,,,,,2,11,0,1,50.0,11,5.5,5.5,1.0,2,5.5,11,0,1
534,Buddy Howell,LAR,25,RB,10,0,,,,,0,0,,,,,,,5,11,0,0,0.0,4,2.2,1.1,0.5,5,2.2,11,0,
535,Richard Rodgers,PHI,29,TE,3,0,2,2,11,5.5,0,0,50.0,9,0.7,3.7,100.0%,5.5,,,0,0,,,,,,2,5.5,11,0,
536,Mekhi Sargent,3TM,24,RB,7,0,1,0,0,,0,0,0.0,0,0.0,0.0,0.0%,0.0,5,11,0,1,20.0,3,2.2,1.6,0.7,5,2.2,11,0,
537,C.J. Saunders,CAR,25,WR,2,0,2,2,11,5.5,0,1,50.0,8,1.0,5.5,100.0%,5.5,,,0,0,,,,,,2,5.5,11,0,
538,Tarik Black,NYJ,23,WR,1,0,2,1,10,10.0,0,1,50.0,10,1.0,10.0,50.0%,5.0,,,0,0,,,,,,1,10.0,10,0,
539,Khari Blasingame,TEN,25,RB,11,3,2,2,4,2.0,0,0,50.0,5,0.2,0.4,100.0%,2.0,3,6,0,1,33.3,3,2.0,0.5,0.3,5,2.0,10,0,1
Rk,Player,Tm,Age,Pos,G,GS,Tgt,Rec,Yds,Y/R,TD,1D,Succ%,Lng,R/G,Y/G,Ctch%,Y/Tgt,Att,Yds,TD,1D,Succ%,Lng,Y/A,Y/G,A/G,Touch,Y/Tch,YScm,RRTD,Fmb
540,Gary Brightwell,NYG,22,RB,13,0,1,1,6,6.0,0,0,100.0,6,0.1,0.5,100.0%,6.0,1,4,0,0,100.0,4,4.0,0.3,0.1,2,5.0,10,0,
541,Marvin Hall,ATL,28,WR,2,0,1,1,10,10.0,0,1,100.0,10,0.5,5.0,100.0%,10.0,,,0,0,,,,,,1,10.0,10,0,
542,Demetrius Harris,ARI,30,TE,14,4,6,3,10,3.3,0,0,16.7,7,0.2,0.7,50.0%,1.7,,,0,0,,,,,,3,3.3,10,0,
543,Jaydon Mickens,2TM,27,WR,11,0,3,2,10,5.0,0,1,33.3,12,0.2,0.9,66.7%,3.3,,,0,0,,,,,,2,5.0,10,0,1
544,Sam Ehlinger,IND,23,QB,3,0,,,,,0,0,,,,,,,3,9,0,1,66.7,9,3.0,3.0,1.0,3,3.0,9,0,
545,Brycen Hopkins,LAR,24,TE,5,0,1,1,9,9.0,0,1,100.0,9,0.2,1.8,100.0%,9.0,,,0,0,,,,,,1,9.0,9,0,
546,Andy Janovich,CLE,28,RB,13,3,4,3,9,3.0,0,1,25.0,3,0.2,0.7,75.0%,2.3,2,0,1,1,50.0,1,0.0,0.0,0.2,5,1.8,9,1,
547,Johnny Mundt,LAR,27,TE,6,0,1,1,9,9.0,0,1,100.0,9,0.2,1.5,100.0%,9.0,,,0,0,,,,,,1,9.0,9,0,
548,Nick Foles,CHI,32,QB,1,1,,,,,0,0,,,,,,,4,8,0,1,50.0,8,2.0,8.0,4.0,4,2.0,8,0,1
549,Hunter Long,MIA,23,TE,7,2,3,1,8,8.0,0,0,33.3,8,0.1,1.1,33.3%,2.7,,,0,0,,,,,,1,8.0,8,0,
550,Racey McMath,TEN,22,WR,9,0,6,2,8,4.0,0,0,16.7,9,0.2,0.9,33.3%,1.3,,,0,0,,,,,,2,4.0,8,0,1
551,Ryan Nall,CHI,26,RB,9,0,1,1,4,4.0,0,0,100.0,4,0.1,0.4,100.0%,4.0,1,4,0,0,100.0,4,4.0,0.4,0.1,2,4.0,8,0,
552,Kevin Rader,PIT,26,TE,6,1,3,2,8,4.0,0,0,33.3,7,0.3,1.3,66.7%,2.7,,,0,0,,,,,,2,4.0,8,0,
553,Ethan Wolf,NOR,26,TE,2,1,2,2,8,4.0,0,0,50.0,4,1.0,4.0,100.0%,4.0,,,0,0,,,,,,2,4.0,8,0,
554,Damarea Crockett,DEN,24,RB,12,0,,,,,0,0,,,,,,,3,7,0,0,33.3,6,2.3,0.6,0.3,3,2.3,7,0,
555,Tommylee Lewis,MIA,29,WR,2,0,2,1,7,7.0,0,1,50.0,7,0.5,3.5,50.0%,3.5,,,0,0,,,,,,1,7.0,7,0,
556,Tremon Smith,HOU,25,DB,17,2,,,,,0,0,,,,,,,1,7,0,0,100.0,7,7.0,0.4,0.1,1,7.0,7,0,
557,Eric Tomlinson,BAL,29,TE,17,7,1,1,7,7.0,0,0,100.0,7,0.1,0.4,100.0%,7.0,,,0,0,,,,,,1,7.0,7,0,
558,David Blough,DET,26,QB,1,0,,,,,0,0,,,,,,,1,6,0,0,100.0,6,6.0,6.0,1.0,1,6.0,6,0,1
559,Ian Book,NOR,23,QB,1,1,,,,,0,0,,,,,,,3,6,0,1,33.3,3,2.0,6.0,3.0,3,2.0,6,0,
560,Miles Boykin,BAL,25,WR,8,0,1,1,6,6.0,0,0,0.0,6,0.1,0.8,100.0%,6.0,,,0,0,,,,,,1,6.0,6,0,
561,Feleipe Franks,ATL,24,QB,9,0,,,,,0,0,,,,,,,3,6,0,0,0.0,4,2.0,0.7,0.3,3,2.0,6,0,
562,Amani Hooker,TEN,23,FS,12,12,1,1,6,6.0,0,1,100.0,6,0.1,0.5,100.0%,6.0,,,0,0,,,,,,1,6.0,6,0,
563,Dallin Leavitt,LVR,27,DB,16,1,,,,,0,0,,,,,,,2,6,0,2,100.0,4,3.0,0.4,0.1,2,3.0,6,0,
564,Chris Streveler,ARI,26,QB,2,0,,,,,0,0,,,,,,,3,6,0,0,0.0,4,2.0,3.0,1.5,3,2.0,6,0,1
565,Keke Coutee,IND,24,WR,2,0,1,1,5,5.0,0,0,0.0,5,0.5,2.5,100.0%,5.0,,,0,0,,,,,,1,5.0,5,0,
566,Jake Funk,LAR,23,RB,10,0,,,,,0,0,,,,,,,2,5,0,0,50.0,6,2.5,0.5,0.2,2,2.5,5,0,
567,Lane Johnson,PHI,31,RT,13,13,1,1,5,5.0,1,1,100.0,5,0.1,0.4,100.0%,5.0,,,0,0,,,,,,1,5.0,5,1,
568,Ben Roethlisberger,PIT,39,QB,16,16,,,,,0,0,,,,,,,20,5,1,3,20.0,8,0.3,0.3,1.3,20,0.3,5,1,11
569,Easop Winston,NOR,25,WR,3,1,1,1,5,5.0,0,0,0.0,5,0.3,1.7,100.0%,5.0,,,0,0,,,,,,1,5.0,5,0,
Rk,Player,Tm,Age,Pos,G,GS,Tgt,Rec,Yds,Y/R,TD,1D,Succ%,Lng,R/G,Y/G,Ctch%,Y/Tgt,Att,Yds,TD,1D,Succ%,Lng,Y/A,Y/G,A/G,Touch,Y/Tch,YScm,RRTD,Fmb
570,Nick Bellore,SEA,32,LB,17,0,1,1,4,4.0,0,0,100.0,4,0.1,0.2,100.0%,4.0,,,0,0,,,,,,1,4.0,4,0,
571,Trenton Cannon,2TM,27,RB,12,0,,,,,0,0,,,,,,,3,4,0,0,33.3,3,1.3,0.3,0.3,3,1.3,4,0,1
572,Taylor Decker,DET,28,LT,9,9,2,2,4,2.0,1,1,50.0,6,0.2,0.4,100.0%,2.0,,,0,0,,,,,,2,2.0,4,1,
573,Braden Mann,NYJ,24,P,10,0,,,,,0,0,,,,,,,1,4,0,0,0.0,4,4.0,0.4,0.1,1,4.0,4,0,
574,Devine Ozigbo,2TM,25,RB,3,0,1,1,7,7.0,0,1,100.0,7,0.3,2.3,100.0%,7.0,1,-3,0,0,0.0,0,-3.0,-1.0,0.3,2,2.0,4,0,
575,Ito Smith,DAL,26,RB,1,0,,,,,0,0,,,,,,,1,4,1,1,100.0,4,4.0,4.0,1.0,1,4.0,4,1,
576,Andrew Wingard,JAX,25,SS,15,15,,,,,0,0,,,,,,,1,4,0,1,100.0,4,4.0,0.3,0.1,1,4.0,4,0,
577,Nathan Cottrell,JAX,25,RB,4,0,,,,,0,0,,,,,,,1,3,0,0,0.0,3,3.0,0.8,0.3,1,3.0,3,0,
578,Maurice Ffrench,LAC,23,WR,3,0,,,,,0,0,,,,,,,1,3,0,0,0.0,3,3.0,1.0,0.3,1,3.0,3,0,
579,Joe Flacco,NYJ,36,QB,2,1,,,,,0,0,,,,,,,2,3,0,1,50.0,2,1.5,1.5,1.0,2,1.5,3,0,1
580,C.J. Beathard,JAX,28,QB,2,0,,,,,0,0,,,,,,,1,2,0,0,0.0,2,2.0,1.0,0.5,1,2.0,2,0,
581,Nick Boyle,BAL,28,TE,5,3,2,1,2,2.0,0,0,0.0,2,0.2,0.4,50.0%,1.0,,,0,0,,,,,,1,2.0,2,0,
582,Ryan Fitzpatrick,WAS,39,QB,1,1,,,,,0,0,,,,,,,1,2,0,0,0.0,2,2.0,2.0,1.0,1,2.0,2,0,1
583,Nathan Peterman,LVR,27,QB,1,0,,,,,0,0,,,,,,,2,2,0,1,50.0,1,1.0,2.0,2.0,2,1.0,2,0,
584,Danny Pinter,IND,25,G,16,3,1,1,2,2.0,1,1,100.0,2,0.1,0.1,100.0%,2.0,,,0,0,,,,,,1,2.0,2,1,
585,Andrew Thomas,NYG,22,LT,13,13,1,1,2,2.0,1,1,100.0,2,0.1,0.2,100.0%,2.0,,,0,0,,,,,,1,2.0,2,1,
586,Conor McDermott,NYJ,29,T,6,3,1,1,1,1.0,1,1,100.0,1,0.2,0.2,100.0%,1.0,,,0,0,,,,,,1,1.0,1,1,
587,Michael Palardy,MIA,29,P,17,0,,,,,0,0,,,,,,,1,1,0,0,0.0,1,1.0,0.1,0.1,1,1.0,1,0,
588,Terence Steele,DAL,24,RT/LT,16,13,1,1,1,1.0,1,1,100.0,1,0.1,0.1,100.0%,1.0,,,0,0,,,,,,1,1.0,1,1,
589,Christian Wilkins,MIA,26,RDE,17,17,1,1,1,1.0,1,1,100.0,1,0.1,0.1,100.0%,1.0,,,0,0,,,,,,1,1.0,1,1,1
